Recipe_name,Original_ingredient,Food_name,Ingr_quant_g,Grown_in_garden,Iron_ingredient_recipe
"Penne with chilli, garlic, herbs and olive oil","150g/5.5oz penne pasta, cooked according to packet instructions","Pasta, white, dried, boiled in unsalted water",150,0,1.17
Lime and ginger slaw,4 tbsp mirin,"Wine, white, sweet",5,0,0.03
Fattoush salad,".5 cucumber, chopped into large chunks","Cucumber, raw, flesh and skin",100,0,0.3
Fattoush salad,"1 tsp sumac, plus extra to garnish",Chinese 5 spice,5,0,1.28
Chickpea pasta (Ciceri e tria),".5 leek, cut into chunks","Leeks, raw",62.5,0,0.2625
Scarlet salad,handful edible flowers,"Watercress, raw",5,0,0.036
Spinach palmiers with pesto,"100g/3.5oz puff pastry, rolled out on a floured surface to the thickness of a 20p piece","Pastry, flaky/puff, retail, uncooked",100,0,1.14
Lime and ginger slaw,"75g/3oz mangetout, julienned","Peas, mange-tout, raw",75,0,0.6
"Tomato, cucumber and herb salad",".5 cucumber, roughly chopped","Cucumber, raw, flesh and skin",100,0,0.3
Foolproof green salad,"1 Romaine lettuce, roughly torn","Lettuce, average, raw",120,1,0.156
Bruschetta with tomato and red onion,25g/1oz chopped red onion,"Onions, raw",25,0,0.075
Cape Malay vegetarian curry,"1 red onion, roughly chopped","Onions, raw",125,0,0.375
Cape Malay vegetarian curry,"4 flatbreads, to serve","Bread, pitta, white",400,0,7.6
Chickpea pasta (Ciceri e tria),".5 red onion, cut into chunks","Onions, raw",62.5,0,0.1875
Kale and quinoa salad with orange tahini dressing,"1 unwaxed orange, zest only, finely sliced","Peel, mixed",2,0,0.026
Tomato and asparagus salad with caper vinaigrette,1 tbsp chopped capers,"Olives, green, in brine, drained, flesh and skin",5,0,0.05
Creole aubergines,2 tsp ground cumin,Cumin seeds,5,0,3.318
Savoury coconut rice,150g/5.5 oz basmati rice,"Rice, white, basmati, raw",150,0,2.595
Stir-fried beansprouts with peppers and herbs,150g/5.5oz beansprouts,"Beansprouts, mung, raw",150,0,2.55
Tomato and squash pizza,"100g/3.5oz plain flour, plus extra for dusting","Flour, wheat, white, plain, soft",100,0,1.94
Vegetable paella,"2 leeks, trimmed and cut into roughly 1cm/.5in slices","Leeks, raw",400,0,1.68
Versatile vegetable stew,"2 leeks, split lengthways up to the root several times, washed under running cold water then sliced thickly","Leeks, raw",400,0,1.68
Versatile vegetable stew,1 x 400g/14oz tin baked beans,"Baked beans, canned in tomato sauce",400,0,5.68
Wild mushrooms on crostini (funghi trifolati),55g/2oz dried porcini mushrooms,"Mushrooms, Chinese, dried, raw",55,0,6.435
Aromatic couscous,2 tbsp pine nuts,"Pine nuts, kernel only",16,0,0.896
Glazed pak choi with crispy shallots,"2 pak choi, quartered","Pak choi, steamed",250,1,2.4
Glazed pak choi with crispy shallots,2 tbsp soy sauce,"Soy sauce, light and dark varieties",30,0,0.72
Scarlet salad,3 tbsp pine nuts,"Pine nuts, kernel only",24,0,1.344
Vegetable paella,freshly chopped parsley,"Parsley, fresh",5,1,0.385
Chickpea pasta (Ciceri e tria),1 sprig rosemary,"Rosemary, fresh",2,0,0.17
Chickpea pasta (Ciceri e tria),1 sprig rosemary,"Rosemary, fresh",2,0,0.17
Gigantes with tomatoes and greens,1 tbsp tomato purée,Tomato puree,15,0,0.2175
Herb risotto,250g/9oz basmati rice,"Rice, white, basmati, raw",250,0,4.325
Mushroom and stout veggie puddings,2 tbsp mushroom ketchup,Tomato ketchup,30,0,0.09
Spicy beans on toast,2 diagonal slices ciabatta or baguette,"Bread, ciabatta",160,0,2.24
"Mushroom stuffed with spinach, breadcrumbs, garlic and herbs",1 large flat mushroom,"Mushrooms, white, raw",62.5,0,0.13125
Red pepper and shallot salad,1 tsp rosemary,"Rosemary, dried",5,0,1.465
Tomato and squash pizza,pinch sugar,"Sugar, icing",5,0,0.025
Vegetable paella,lemon wedges,"Lemon juice, fresh",5,0,0.005
Versatile vegetable stew,"crusty bread, to serve","Bread rolls, brown, crusty",50,0,1.6
Aubergine and bean casserole,flatbread,"Bread, pitta, white",60,0,1.14
Bean soup with vegan pesto,"400g tin cannellini beans, drained and rinsed","Beans, cannellini, canned, re-heated, drained",240,0,4.56
Aromatic couscous,"1 orange, juice and zest","Orange juice, chilled",70,0,0.049
Lime and ginger slaw,"4 spring onions, trimmed, finely sliced at an angle","Spring onions, bulbs and tops, raw",100,0,1.9
Aubergine and bean casserole,"2 onions, quartered","Onions, raw",150,0,0.45
Aubergine and bean casserole,"1 garlic clove, crushed","Garlic, raw",5,0,0.095
Aubergine and bean casserole,100ml/3.5fl oz vegetable stock,"Stock cubes, chicken, made up with water",100,0,0.17
Aubergine and red pepper Greek salad,"3 garlic cloves, roughly chopped","Garlic, raw",15,0,0.285
Bean soup with vegan pesto,".5 garlic clove, peeled","Garlic, raw",2.5,0,0.0475
Bean soup with vegan pesto,"2 celery sticks, thinly sliced","Celery, raw",100,0,0.06
Bean soup with vegan pesto,"2 garlic cloves, thinly sliced","Garlic, raw",10,0,0.19
Bean soup with vegan pesto,"900ml/1.5 pint vegetable stock, made with 1 vegan stock cube","Stock cubes, chicken, made up with water",900,0,1.53
"Tomato, cucumber and herb salad","2 spring onions, finely chopped","Spring onions, bulbs and tops, raw",50,0,0.95
Cape Malay vegetarian curry,"2 garlic cloves, finely chopped","Garlic, raw",10,0,0.19
Cape Malay vegetarian curry,"320g/11oz long-grain rice, to serve","Rice, white, long grain, raw",320,0,0.832
Chickpea pasta (Ciceri e tria),"6 garlic cloves, peeled","Garlic, raw",30,0,0.57
Chickpea pasta (Ciceri e tria),".5 stick celery, cut into chunks","Celery, raw",25,0,0.015
Chickpea pasta (Ciceri e tria),"4 garlic cloves, peeled","Garlic, raw",20,0,0.38
Creole aubergines,"2 onions, peeled, finely chopped","Onions, raw",240,0,0.72
Creole aubergines,"4 cloves garlic, peeled, chopped","Garlic, raw",20,0,0.38
Foolproof green salad,"8 spring onions, thinly sliced","Spring onions, bulbs and tops, raw",200,0,3.8
Foolproof green salad,"8 celery sticks, thinly sliced","Celery, raw",400,0,0.24
Garlic toast with roasted pepper and herb salad,"1 bulb smoked garlic, one clove removed and peeled","Garlic, raw",35,0,0.665
Gigantes with tomatoes and greens,"2 garlic cloves, chopped","Garlic, raw",10,0,0.19
Glazed pak choi with crispy shallots,"1 garlic clove, crushed","Garlic, raw",5,0,0.095
Herb and tomato couscous with green beans,150ml/.25 pint hot vegetable stock,"Stock cubes, chicken, made up with water",150,0,0.255
Herb risotto,"1 garlic clove, chopped","Garlic, raw",5,0,0.095
Herb risotto,300ml/.5 pint hot vegetable stock,"Stock cubes, chicken, made up with water",300,0,0.51
Mushroom and stout veggie puddings,"200g/7oz self-raising flour, plus extra for dusting","Flour, wheat, white, self raising",200,0,3.48
Mushroom and stout veggie puddings,100g/3.5oz vegetable suet,"Suet, vegetable, reduced fat",100,0,0
Mushroom and stout veggie puddings,"2 garlic cloves, peeled, chopped","Garlic, raw",10,0,0.19
Mushroom and stout veggie puddings,200ml/7fl oz vegetable stock,"Stock cubes, chicken, made up with water",200,0,0.34
Spicy beans on toast,1 garlic clove,"Garlic, raw",5,0,0.095
Spicy beans on toast,"1 garlic clove, finely chopped","Garlic, raw",5,0,0.095
Kale and quinoa salad with orange tahini dressing,350g/12oz quinoa,"Quinoa, raw",350,0,27.3
Kale and quinoa salad with orange tahini dressing,"1 fat garlic clove, finely chopped","Garlic, raw",5,0,0.095
Kale and quinoa salad with orange tahini dressing,1 garlic clove,"Garlic, raw",5,0,0.095
"Lentil, bean and kale salad","1 large garlic clove, crushed or grated","Garlic, raw",5,0,0.095
Mediterranean-style salad with tapenade,"1 garlic clove, chopped","Garlic, raw",5,0,0.095
"Mushroom stuffed with spinach, breadcrumbs, garlic and herbs","1 garlic clove, finely chopped","Garlic, raw",5,0,0.095
"Penne with chilli, garlic, herbs and olive oil","1 garlic clove, crushed","Garlic, raw",5,0,0.095
Roasted tomato and rocket salad,large handful rocket,"Rocket, raw",7.5,1,0.0945
Rocket and potato soup,"1 garlic, peeled and chopped","Garlic, raw",5,0,0.095
Rocket and potato soup,approx .75pint/428ml chicken stock (vegetarians can substitute vegetable stock),"Stock cubes, chicken, made up with water",428,0,0.7276
Rocket and potato soup,handful of rocket,"Rocket, raw",7.5,1,0.0945
Rocket and potato soup,"1 garlic clove, peeled and chopped","Garlic, raw",5,0,0.095
Rocket and potato soup,handful of rocket leaves,"Rocket, raw",,0,
Saffron couscous with roasted tomatoes,300ml/.5 pint chicken or vegetable stock,"Stock cubes, chicken, made up with water",300,0,0.51
Saffron couscous with roasted tomatoes,"2 garlic cloves, roughly chopped","Garlic, raw",10,0,0.19
Scarlet salad,"1 garlic clove, crushed","Garlic, raw",5,0,0.095
Scarlet salad,300g/10oz rocket,"Rocket, raw",300,1,3.78
Smoked garlic soup with parsley pesto,"2 bulbs smoked garlic, separated into cloves, peeled","Garlic, raw",70,0,1.33
Smoked garlic soup with parsley pesto,150ml/.25 pint hot chicken stock (can substitute vegetable stock),"Stock cubes, chicken, made up with water",150,0,0.255
Spinach palmiers with pesto,"1 garlic clove, chopped","Garlic, raw",5,0,0.095
Stir-fried beansprouts with peppers and herbs,"1 garlic clove, finely chopped","Garlic, raw",5,0,0.095
Tomato and squash pizza,"1 garlic clove, crushed","Garlic, raw",5,0,0.095
Vegan pesto,".5 garlic clove, peeled","Garlic, raw",2.5,0,0.0475
Vegetable paella,"2 garlic cloves, thinly sliced","Garlic, raw",10,0,0.19
Vegetable paella,600ml/20fl oz hot vegetable stock (made with 1 stock cube),"Stock cubes, chicken, made up with water",600,0,1.02
Versatile vegetable stew,"2 garlic cloves, finely diced","Garlic, raw",10,0,0.19
Versatile vegetable stew,600ml/21fl oz vegetable stock,"Stock cubes, chicken, made up with water",600,0,1.02
Wild mushrooms on crostini (funghi trifolati),2 cloves garlic,"Garlic, raw",10,0,0.19
Crunchy pepper salad with lemon and olive oil dressing,".25 iceberg lettuce, shredded","Lettuce, average, raw",90,0,0.117
Fattoush salad,100ml/3.5fl oz vegetable oil,"Oil, vegetable, average",100,0,0.1
Glazed pak choi with crispy shallots,"1 tbsp vegetable oil, plus more for deep frying","Oil, vegetable, average",15,0,0.015
Kale and quinoa salad with orange tahini dressing,"600g/1lb 5.5oz kale, tough stalks discarded, leaves shredded, washed","Curly kale, raw",600,0,10.2
Lime and ginger slaw,"2 limes, juice only","Limes, flesh only",160,0,0.64
Kale and quinoa salad with orange tahini dressing,4 tbsp orange juice,"Orange juice, ambient, UHT",60,0,0.042
Mushroom and stout veggie puddings,"steamed courgettes and carrots, to serve","Courgette, boiled in unsalted water",200,0,0.74
Spicy beans on toast,"55g/2oz kidney beans from a tin, rinsed and drained","Beans, red kidney, canned in water, re-heated, drained",55,0,1.243
Aromatic couscous,"1 lemon, juice and zest","Lemon juice, fresh",60,0,0.06
Aubergine and bean casserole,1 tbsp vegetable oil,"Oil, vegetable, average",15,0,0.015
"Tomato, cucumber and herb salad",".5 lemon, juice only","Lemon juice, fresh",30,0,0.03
Couscous salad,"1 lemon, zest and juice","Lemon juice, fresh",60,0,0.06
Crunchy pepper salad with lemon and olive oil dressing,".5 lemon, zest and juice","Lemon juice, fresh",30,0,0.03
Cucumber ribbon salad with olive and caper dressing,".5 lemon, juice only","Lemon juice, fresh",30,0,0.03
Fattoush salad,"1 lemon, juice only","Lemon juice, fresh",60,0,0.06
Garlic toast with roasted pepper and herb salad,squeeze lemon juice,"Lemon juice, fresh",30,0,0.03
Herb and tomato couscous with green beans,"1 lemon, juice only","Lemon juice, fresh",60,0,0.06
"Lentil, bean and kale salad","100g/3.5oz dried brown, green or red lentils (or use tinned)","Lentils, green and brown, whole, dried, raw",100,0,11.1
"Lentil, bean and kale salad",100g/3.5oz dried black-eyed or haricot beans,"Beans, haricot, whole, dried, raw",100,0,6.7
"Lentil, bean and kale salad","1 lemon, zest and juice","Lemon juice, fresh",60,0,0.06
Saffron couscous with roasted tomatoes,"1 lemon, zest and juice","Lemon juice, fresh",60,0,0.06
"Shaved fennel, herb and tomato salad",".5 lemon, zest and juice","Lemon juice, fresh",30,0,0.03
Smoked garlic soup with parsley pesto,1 tbsp whole almonds,"Almonds, whole kernels",5,0,0.1855
Smoked garlic soup with parsley pesto,squeeze lemon juice,"Lemon juice, fresh",5,0,0.005
Versatile vegetable stew,.5 tsp dried thyme,"Thyme, dried, ground",2,0,2.472
Aubergine and red pepper Greek salad,"1 fresh French bread baton, diagonally sliced into 6 pieces","Bread, white, French stick",200,0,2.8
Chickpea pasta (Ciceri e tria),"200g/7oz fine semolina flour, plus extra for rolling","Semolina, raw",200,0,2.58
Glazed pak choi with crispy shallots,"2 shallots, peeled and thinly sliced","Shallots, raw",40,0,0.32
Mushroom and stout veggie puddings,"4 large shallots, peeled, roughly chopped","Shallots, raw",80,0,0.64
Couscous salad,"1 bunch fresh coriander, chopped","Coriander leaves, fresh",25,0,0.4425
Savoury coconut rice,3 tbsp chopped fresh coriander,"Coriander leaves, fresh",5,0,0.0885
Aromatic couscous,"1 courgette, sliced lengthways","Courgette, raw",200,0,0.84
Aubergine and red pepper Greek salad,1 small-medium aubergine (around 250g/9oz),"Aubergine, raw",250,0,0.75
Bean soup with vegan pesto,"1 courgette, chopped","Courgette, raw",100,0,0.42
Tomato and asparagus salad with caper vinaigrette,".5 bunch asparagus, ends trimmed off","Asparagus, raw",100,0,0.7
Aromatic couscous,"200g/7oz couscous, cooked according to packet instructions","Couscous, plain, cooked",200,0,2.04
Bean soup with vegan pesto,"25g/1oz spinach, watercress and rocket salad","Rocket, raw",25,1,0.315
Foolproof green salad,"100g/3.5oz rocket or watercress, roughly torn","Watercress, raw",100,0,0.72
Vegan pesto,"25g/1oz spinach, watercress and/or rocket","Rocket, raw",25,1,0.315
Vegetable paella,75ml/2.5oz sherry or white wine,"Wine, white, dry",75,0,0.375
Lime and ginger slaw,.5 red cabbage finely shredded,"Cabbage, red, raw",250,0,1
Cape Malay vegetarian curry,"1 small cauliflower, cut into bite-sized pieces","Cauliflower, raw",300,0,1.26
Cape Malay vegetarian curry,"handful green beans, roughly chopped","Beans, green, raw",25,0,0.26
Herb and tomato couscous with green beans,"250g/9oz green beans, trimmed, blanched and chopped","Beans, green, raw",250,0,2.6
Versatile vegetable stew,".5 head cauliflower, cut into small florets","Cauliflower, raw",125,0,0.525
Versatile vegetable stew,"200g/7oz fine green beans, cut into 2cm/.75in pieces","Beans, green, raw",200,0,2.08
"Warm beetroot, green bean, potato and almond salad","50g/2oz green beans, cut into pieces diagonally","Beans, green, raw",50,0,0.52
Garlic toast with roasted pepper and herb salad,4 thick slices crusty white bread,"Bread rolls, white, crusty",400,0,6.8
"Lentil, bean and kale salad","80g/3oz kale, stalks removed and chopped (or other leafy greens, such as spinach or spring greens)","Spring greens, raw",80,0,2.4
Lime and ginger slaw,".5 Chinese cabbage, finely shredded","Cabbage, Chinese, raw",250,0,1.5
Chickpea pasta (Ciceri e tria),"2 cherry tomatoes, halved","Tomatoes, cherry, raw",20,0,0.068
Creole aubergines,800g/1lb 12.25oz canned cherry tomatoes,"Tomatoes, canned, whole contents",800,0,4.56
Scarlet salad,"10 cherry tomatoes, halved","Tomatoes, cherry, raw",100,0,0.34
Rocket and potato soup,1 bay leaf,"Bay leaf, dried",1,0,0.43
Tomato and squash pizza,"100g/3.5oz butternut squash, peeled, cut into 1cm/.5in cubes","Squash, butternut, raw",100,0,0.7
Gigantes with tomatoes and greens,"500g/1lb 2oz dried gigantes beans or butter beans, soaked overnight","Beans, butter, dried, raw",500,0,29.5
Chickpea pasta (Ciceri e tria),1 red chilli,"Peppers, capsicum, chilli, red, raw",10,0,0.1
Cape Malay vegetarian curry,4 curry leaves,"Curry leaves, fresh",5,0,0.255
Chickpea pasta (Ciceri e tria),"100g/3.5oz purple sprouting broccoli, trimmed","Broccoli, purple sprouting, raw",100,0,1.9
Aromatic couscous,"olive oil, for drizzling","Oil, olive",5,0,0.02
Aromatic couscous,"small handful fresh mixed herbs such as parsley, mint, basil and coriander, chopped","Parsley, fresh",7.5,1,0.5775
Aromatic couscous,"Black pepper, to taste","Pepper, black",0.5,0,0.04855
Lime and ginger slaw,1 bunch fresh mint leaves,"Mint, fresh",25,0,2.375
Lime and ginger slaw,"1 bunch fresh coriander, leaves only","Coriander leaves, fresh",25,0,0.4425
Lime and ginger slaw,125ml/4.5fl oz rice wine vinegar,Vinegar,125,0,0.125
Lime and ginger slaw,1 tsp sea salt flakes,Salt,5,0,0.015
Lime and ginger slaw,125ml/4.5fl oz extra virgin olive oil,"Oil, olive",125,0,0.5
Lime and ginger slaw,2 tbsp sesame oil,"Oil, sesame",30,0,0.03
Lime and ginger slaw,1 tbsp finely grated fresh ginger,"Ginger, fresh",5,0,0.03
Aubergine and bean casserole,75g/3oz brown sugar,"Sugar, brown",75,0,1.275
Aubergine and bean casserole,1 tsp smoked paprika,Paprika,5,0,1.057
Aubergine and bean casserole,75g/3oz molasses,Molasses,75,0,3.525
Aubergine and bean casserole,2 tbsp tomato ketchup,Tomato ketchup,30,0,0.09
Aubergine and bean casserole,30ml/1.25fl oz sherry vinegar,Vinegar,30,0,0.03
Aubergine and bean casserole,1 tbsp chopped fresh parsley,"Parsley, fresh",6,1,0.462
Aubergine and red pepper Greek salad,"25g/1oz bunch fresh flat leaf parsley, leaves roughly chopped, plus extra to garnish","Parsley, fresh",25,1,1.925
Aubergine and red pepper Greek salad,"8 tbsp extra virgin olive oil, plus extra for drizzling","Oil, olive",120,0,0.48
Aubergine and red pepper Greek salad,flaked sea salt,Salt,2,0,0.006
Aubergine and red pepper Greek salad,2 tbsp fresh lemon juice,"Lemon juice, fresh",30,0,0.03
Aubergine and red pepper Greek salad,freshly ground black pepper,"Pepper, black",2,0,0.1942
Basil and parsley-dressed pasta,2 tbsp olive oil,"Oil, olive",30,0,0.12
Basil and parsley-dressed pasta,"Black pepper, to taste","Pepper, black",0.5,0,0.04855
Bean soup with vegan pesto,25g/1oz fresh basil leaves,"Basil, fresh",25,0,1.375
Bean soup with vegan pesto,1 tsp fresh lemon juice,"Lemon juice, fresh",5,0,0.005
Bean soup with vegan pesto,5 tbsp extra virgin olive oil,"Oil, olive",75,0,0.3
Bean soup with vegan pesto,.5 tsp flaked sea salt,Salt,2,0,0.006
Bean soup with vegan pesto,freshly ground black pepper,"Pepper, black",2,0,0.1942
Bean soup with vegan pesto,2 tbsp extra virgin olive oil,"Oil, olive",30,0,0.12
Bruschetta with tomato and red onion,1 tbsp olive oil,"Oil, olive",15,0,0.06
Bruschetta with tomato and red onion,1 tbsp olive oil,"Oil, olive",15,0,0.06
Bruschetta with tomato and red onion,1 tbsp chopped fresh parsley,"Parsley, fresh",6,1,0.462
Bruschetta with tomato and red onion,"Black pepper, to taste","Pepper, black",0.5,0,0.04855
"Tomato, cucumber and herb salad","small handful fresh basil, torn","Basil, fresh",7.5,0,0.4125
"Tomato, cucumber and herb salad","small handful fresh flatleaf parsley, torn","Parsley, fresh",7.5,1,0.5775
"Tomato, cucumber and herb salad",2-3 tbsp olive oil,"Oil, olive",30,0,0.12
"Tomato, cucumber and herb salad","Black pepper, to taste","Pepper, black",0.5,0,0.04855
Cape Malay vegetarian curry,1 tsp fennel seeds,Fennel seeds,2,0,0.246
Cape Malay vegetarian curry,1 tsp black mustard seeds,Mustard seeds,2,0,0.37
Cape Malay vegetarian curry,1 tsp coriander seeds,Coriander seeds,2,0,0.3264
Cape Malay vegetarian curry,1 tbsp ground turmeric,"Turmeric, ground",7,0,2.765
Cape Malay vegetarian curry,1 tsp ground ginger,"Ginger, ground",2,0,0.936
Cape Malay vegetarian curry,handful dried apricots,"Apricots, dried",90,0,3.69
Cape Malay vegetarian curry,1 tbsp olive oil,"Oil, olive",15,0,0.06
Chickpea pasta (Ciceri e tria),150ml/5fl oz olive oil,"Oil, olive",150,0,0.6
Chickpea pasta (Ciceri e tria),"Black pepper, to taste","Pepper, black",0.5,0,0.04855
Chickpea pasta (Ciceri e tria),extra virgin olive oil,"Oil, olive",5,0,0.02
Chickpea pasta (Ciceri e tria),2 tbsp olive oil,"Oil, olive",30,0,0.12
Chickpea pasta (Ciceri e tria),1 tsp white wine vinegar,Vinegar,5,0,0.005
Couscous salad,"1 bunch fresh parsley, chopped","Parsley, fresh",30,1,2.31
Couscous salad,"30g/1oz sunflower seeds, toasted",Sunflower seeds,30,0,1.92
Couscous salad,"30g/1oz sesame seeds, toasted",Sesame seeds,30,0,3.12
Couscous salad,4 tbsp olive oil,"Oil, olive",60,0,0.24
Couscous salad,"Black pepper, to taste","Pepper, black",0.5,0,0.04855
Creole aubergines,6 tbsp olive oil,"Oil, olive",90,0,0.36
Creole aubergines,.25 tbsp hot paprika,Paprika,2,0,0.4228
Creole aubergines,.25 tbsp sweet paprika,Paprika,2,0,0.4228
Creole aubergines,.5 tsp soft light brown sugar,"Sugar, brown",2.5,0,0.0425
Creole aubergines,"Black pepper, to taste","Pepper, black",0.5,0,0.04855
Creole aubergines,2 tbsp chopped fresh parsley leaves,"Parsley, fresh",12,1,0.924
Crunchy pepper salad with lemon and olive oil dressing,2 tbsp chopped fresh parsley,"Parsley, fresh",12,1,0.924
Crunchy pepper salad with lemon and olive oil dressing,3 tbsp olive oil,"Oil, olive",45,0,0.18
Crunchy pepper salad with lemon and olive oil dressing,"Black pepper, to taste","Pepper, black",0.5,0,0.04855
Cucumber ribbon salad with olive and caper dressing,3 tbsp olive oil,"Oil, olive",45,0,0.18
Cucumber ribbon salad with olive and caper dressing,1 tbsp white wine vinegar,Vinegar,15,0,0.015
Cucumber ribbon salad with olive and caper dressing,2 tbsp chopped fresh parsley,"Parsley, fresh",12,1,0.924
Fattoush salad,"2 fresh mint sprigs, leaves picked and finely chopped","Mint, fresh",5,0,0.475
Fattoush salad,"large handful fresh parsley, finely chopped","Parsley, fresh",7.5,1,0.5775
Fattoush salad,"Black pepper, to taste","Pepper, black",0.5,0,0.04855
Fattoush salad,2–3 tbsp extra virgin olive oil,"Oil, olive",45,0,0.18
Fattoush salad,2 tbsp pomegranate molasses,Molasses,30,0,1.41
Foolproof green salad,8 tbsp extra virgin olive oil,"Oil, olive",120,0,0.48
Foolproof green salad,3 tbsp white wine vinegar,Vinegar,45,0,0.045
Foolproof green salad,1 tbsp balsamic vinegar,Vinegar,15,0,0.015
Foolproof green salad,"1 bunch fresh dill, chopped","Dill, fresh",30,0,0.96
Foolproof green salad,"Black pepper, to taste","Pepper, black",0.5,0,0.04855
Garlic toast with roasted pepper and herb salad,2 tbsp olive oil,"Oil, olive",30,0,0.12
Garlic toast with roasted pepper and herb salad,3 tbsp olive oil,"Oil, olive",45,0,0.18
Garlic toast with roasted pepper and herb salad,"large handful fresh herbs, such as parsley, basil, dill and chives","Parsley, fresh",7.5,1,0.5775
Garlic toast with roasted pepper and herb salad,"Black pepper, to taste","Pepper, black",0.5,0,0.04855
Gigantes with tomatoes and greens,6 tbsp olive oil,"Oil, olive",90,0,0.36
Gigantes with tomatoes and greens,.5 tsp sweet paprika,Paprika,2,0,0.4228
Gigantes with tomatoes and greens,1 tsp salt,Salt,2,0,0.006
Gigantes with tomatoes and greens,"freshly ground black pepper, to taste","Pepper, black",2,0,0.1942
Gigantes with tomatoes and greens,"small handful fresh parsley, chopped","Parsley, fresh",7.5,1,0.5775
Gigantes with tomatoes and greens,"small handful fresh mint, chopped","Mint, fresh",7.5,0,0.7125
Herb and tomato couscous with green beans,2 tbsp olive oil,"Oil, olive",30,0,0.12
Herb and tomato couscous with green beans,2 tbsp chopped fresh flatleaf parsley,"Parsley, fresh",12,1,0.924
Herb and tomato couscous with green beans,"Black pepper, to taste","Pepper, black",0.5,0,0.04855
Bean soup with vegan pesto,"1 onion, thinly sliced","Onions, raw",50,0,0.15
Chickpea pasta (Ciceri e tria),"1 leek, cut in half","Leeks, raw",5,0,0.021
Chickpea pasta (Ciceri e tria),"50g/1.75oz kale, leaves picked","Curly kale, raw",50,0,0.85
Creole aubergines,"3 large aubergines, cut into cubes","Aubergine, raw",600,0,1.8
Fattoush salad,"1 Little Gem lettuce, leaves separated and torn","Lettuce, average, raw",80,1,0.104
Spicy beans on toast,".25 onion, chopped","Onions, raw",12.5,0,0.0375
Scarlet salad,"150g/5oz Russian or regular kale, stems removed and leaves chopped into bite-sized pieces","Curly kale, raw",150,0,2.55
Vegetable paella,"1 onion, finely chopped","Onions, raw",50,0,0.15
Vegetable paella,150g/5.5oz paella rice,"Rice, white, basmati, raw",150,0,2.595
Wild mushrooms on crostini (funghi trifolati),1 day old French baguette,"Bread, white, French stick",400,0,5.6
Couscous salad,"1 red onion, very finely chopped","Onions, raw",50,0,0.15
Fattoush salad,"2 pitta breads, cut into squares","Bread, pitta, white",120,0,2.28
Aromatic couscous,"2 tbsp black olives, stones removed","Olives, green, in brine, drained, flesh and skin",35,0,0.35
Lime and ginger slaw,"1 red onion, peeled, finely chopped","Onions, raw",50,0,0.15
Aubergine and bean casserole,"2 aubergines, cut into large chunks","Aubergine, raw",400,0,1.2
Bean soup with vegan pesto,"400g tin borlotti beans, drained and rinsed","Beans, red kidney, canned in water, re-heated, drained",240,0,5.424
Cucumber ribbon salad with olive and caper dressing,1 tbsp black olives,"Olives, green, in brine, drained, flesh and skin",20,0,0.2
Fattoush salad,"2 large vine tomatoes, chopped into large chunks","Tomatoes, standard, raw",260,0,0.624
Fattoush salad,"10-12 black olives, pitted","Olives, green, in brine, drained, flesh and skin",36,0,0.36
Gigantes with tomatoes and greens,"1 onion, chopped","Onions, raw",50,0,0.15
Gigantes with tomatoes and greens,1 x 400g tin chopped tomatoes,"Tomatoes, canned, whole contents",400,0,2.28
Herb risotto,".5 onion, chopped","Onions, raw",25,0,0.075
Mushroom and stout veggie puddings,"150ml/5fl oz Irish stout (not all stout is vegan, so check the label if you need it to be)","Stout, Guinness",150,0,0.3
Mediterranean-style salad with tapenade,"50g/1.75oz black olives, stones removed","Olives, green, in brine, drained, flesh and skin",50,0,0.5
Roasted tomato and rocket salad,"150g/5.5oz vine tomatoes, left on the vine","Tomatoes, cherry, raw",150,0,0.51
Scarlet salad,1 tsp maple syrup,"Syrup, golden",5,0,0.02
Tomato and asparagus salad with caper vinaigrette,"150g/5.5oz tomatoes, halved","Tomatoes, standard, raw",150,0,0.36
Tomato and squash pizza,"100g/3.5oz tinned tomatoes, drained and chopped","Tomatoes, canned, whole contents",100,0,0.57
Vegetable paella,"175g/6oz roasted red peppers, from a jar, drained and sliced","Pepper, capsicum, red, raw",175,0,0.6825
Vegetable paella,"50g/1.75oz pitted black olives, preferably Kalamata","Olives, green, in brine, drained, flesh and skin",50,0,0.5
Cucumber ribbon salad with olive and caper dressing,"2 tbsp capers, drained","Olives, green, in brine, drained, flesh and skin",20,0,0.2
Rocket and potato soup,".5 onion, peeled and sliced","Onions, raw",25,0,0.075
Bruschetta with tomato and red onion,"75g/2.75oz tinned tomatoes, chopped","Tomatoes, canned, whole contents",75,0,0.4275
Stir-fried beansprouts with peppers and herbs,".5 onion, sliced","Onions, raw",25,0,0.075
Basil and parsley-dressed pasta,"55g/2oz basil leaves, finely chopped","Basil, fresh",55,0,3.025
Cape Malay vegetarian curry,"400g tin chickpeas, drained and rinsed","Beans, chick peas, canned, re-heated, drained",240,0,4.56
Chickpea pasta (Ciceri e tria),250g/9oz chickpeas soaked overnight in plenty of cold water and drained,"Beans, chick peas, canned, re-heated, drained",250,0,4.75
Chickpea pasta (Ciceri e tria),"100g/3.5oz broccoli, cut into florets","Broccoli, green, raw",100,0,1.06
Foolproof green salad,".5 large cucumber, halved lengthways and sliced","Cucumber, raw, flesh and skin",300,0,0.9
Herb risotto,50g/1.75oz margarine,"Baking fat and margarine (75-90% fat), hard block",50,0,0.04
Mushroom and stout veggie puddings,120ml/4fl oz water,"Water, distilled",120,0,0
"Lentil, bean and kale salad","handful green or black olives from a jar, roughly chopped","Olives, green, in brine, drained, flesh and skin",50,0,0.5
Savoury coconut rice,200ml/7fl oz water,"Water, distilled",200,0,0
Scarlet salad,"2 oranges, 1 segmented and 1 juiced","Oranges, flesh only",324,0,0.3564
Tomato and asparagus salad with caper vinaigrette,2 tbsp chopped basil,"Basil, fresh",3,0,0.165
Creole aubergines,8 lime wedges,"Limes, flesh only",100,0,0.4
Cucumber ribbon salad with olive and caper dressing,2 red peppers from a jar,"Pepper, capsicum, red, raw",50,0,0.195
Foolproof green salad,1 tbsp caster sugar,"Sugar, white",13,0,0.026
Aubergine and bean casserole,"250g/9oz chestnut mushrooms, halved","Mushrooms, white, raw",250,0,0.525
Bean soup with vegan pesto,"25g/1oz skin-on almonds, roughly chopped","Almonds, whole kernels",25,0,0.9275
Bean soup with vegan pesto,"2 carrots, chopped","Carrots, old, raw",134,0,0.3082
Couscous salad,225g/8oz couscous,"Couscous, plain, cooked",225,0,2.295
Crunchy pepper salad with lemon and olive oil dressing,".25 onion, finely sliced","Onions, raw",12.5,0,0.0375
Gigantes with tomatoes and greens,"350g/12oz chard or spinach, washed","Spinach, mature, raw",350,0,7.35
Glazed pak choi with crispy shallots,"50g/1.75oz cashew nuts, toasted","Cashew nuts, kernel only, plain",50,0,3.1
Herb and tomato couscous with green beans,250g/9oz couscous,"Couscous, plain, cooked",250,0,2.55
Spicy beans on toast,100g/3.5oz spinach,"Spinach, mature, raw",100,0,2.1
"Mushroom stuffed with spinach, breadcrumbs, garlic and herbs","handful spinach, chopped","Spinach, mature, raw",20,0,0.42
Red pepper and shallot salad,"1 shallot, sliced","Shallots, raw",50,0,0.4
Saffron couscous with roasted tomatoes,200g/7oz couscous,"Couscous, plain, cooked",200,0,2.04
Scarlet salad,".5 cucumber, sliced","Cucumber, raw, flesh and skin",300,0,0.9
Spinach palmiers with pesto,"2 large handfuls spinach, wilted","Spinach, mature, raw",40,0,0.84
Vegan pesto,"25g/1oz skin-on almonds, roughly chopped","Almonds, whole kernels",25,0,0.9275
Vegetable paella,"160g/5.75oz chargrilled artichoke antipasti, drained","Artichoke, globe, raw",160,0,1.12
Versatile vegetable stew,"2 carrots, cut into 1cm/.5in dice","Carrots, old, raw",134,0,0.3082
Versatile vegetable stew,"2 potatoes, peeled, cut into 1cm/.5in dice","Potatoes, old, boiled in unsalted water, flesh only",738,0,2.5092
"Warm beetroot, green bean, potato and almond salad","200g/7oz new potatoes, cut into 1cm/.5in thick slices","Potatoes, old, boiled in unsalted water, flesh only",200,0,0.68
Wild mushrooms on crostini (funghi trifolati),"450g/1lb chestnut mushrooms, sliced","Mushrooms, white, raw",450,0,0.945
Mediterranean-style salad with tapenade,"2 tomatoes, chopped","Tomatoes, standard, raw",260,0,0.624
Versatile vegetable stew,"1 onion, finely diced","Onions, raw",50,0,0.15
Aromatic couscous,".5 red pepper, cut into strips","Pepper, capsicum, red, raw",80,0,0.312
Lime and ginger slaw,"3 pak choi, cut in half lengthways, finely sliced","Pak choi, steamed",375,1,3.6
Lime and ginger slaw,75g/3oz Japanese pickled ginger (available from Asian supermarkets),"Ginger, fresh",75,0,0.45
"Tomato, cucumber and herb salad","1 tomato, roughly chopped","Tomatoes, standard, raw",130,0,0.312
Cape Malay vegetarian curry,1 tsp cloves,"Cloves, dried",5,0,0.28
Cape Malay vegetarian curry,"1 red pepper, seeds removed, roughly chopped","Pepper, capsicum, red, raw",160,0,0.624
Cape Malay vegetarian curry,"1 yellow pepper, seeds removed, roughly chopped","Pepper, capsicum, yellow, raw",160,0,0.768
Cape Malay vegetarian curry,1 heaped tbsp peach chutney,"Chutney, mango, sweet",25,0,0.275
Couscous salad,".5 cucumber, de-seeded and finely diced","Cucumber, raw, flesh and skin",200,0,0.6
Creole aubergines,"1 green pepper, seeds removed, chopped","Peppers, capsicum, green, raw",160,0,0.64
Creole aubergines,"1 red pepper, seeds removed, chopped","Pepper, capsicum, red, raw",160,0,0.624
Crunchy pepper salad with lemon and olive oil dressing,".25 red pepper, seeds removed, finely sliced","Pepper, capsicum, red, raw",40,0,0.156
Crunchy pepper salad with lemon and olive oil dressing,".25 yellow pepper, seeds removed, finely sliced","Pepper, capsicum, yellow, raw",40,0,0.192
Cucumber ribbon salad with olive and caper dressing,".5 cucumber, de-seeded and cut into ribbons with a peeler","Cucumber, raw, flesh and skin",200,0,0.6
Fattoush salad,".5 pomegranate, seeds only","Pomegranate, flesh and pips",60,0,0.42
Foolproof green salad,"1 small fennel bulb, thinly sliced","Fennel, Florence, raw",87,0,0.261
Foolproof green salad,"200g/7oz mixed salad leaves, roughly torn","Lettuce, average, raw",200,1,0.26
Garlic toast with roasted pepper and herb salad,".5 red pepper, seeds removed","Pepper, capsicum, red, raw",80,0,0.312
Herb and tomato couscous with green beans,"2 tomatoes, seeds removed and chopped","Tomatoes, standard, raw",130,0,0.312
Mushroom and stout veggie puddings,"500g/1lb 2oz mixed mushrooms (such as chestnut, Portobello, chanterelle and girolle), brushed clean, chopped","Mushrooms, white, raw",500,0,1.05
Spicy beans on toast,1 tsp dried chilli flakes,Chilli powder,5,0,0.865
Kale and quinoa salad with orange tahini dressing,2.5 tbsp tahini,Tahini paste,15,0,1.59
Kale and quinoa salad with orange tahini dressing,6 tbsp warm (boiled) water,"Water, distilled",90,0,0
"Lentil, bean and kale salad","8 sun-dried tomatoes, roughly chopped","Tomatoes, sun dried ",54,0,
"Mushroom stuffed with spinach, breadcrumbs, garlic and herbs",50g/1.75oz fresh breadcrumbs,"Bread, white, sliced",50,0,0.8
"Penne with chilli, garlic, herbs and olive oil",1 tsp chilli flakes,Chilli powder,5,0,0.865
"Penne with chilli, garlic, herbs and olive oil","a few shavings of fresh white truffle, to serve","Mushrooms, white, raw",10,0,0.021
Red pepper and shallot salad,".5 pepper, thinly sliced","Pepper, capsicum, red, raw",80,0,0.312
Rocket and potato soup,"1 potato, peeled and diced","Potatoes, old, boiled in unsalted water, flesh only",213,0,0.7242
Rocket and potato soup,few thyme leaves,"Thyme, fresh",10,0,1.75
Rocket and potato soup,few thyme leaves,"Thyme, fresh",10,0,1.75
Saffron couscous with roasted tomatoes,"1 plum tomato, chopped","Tomatoes, standard, raw",130,0,0.312
Saffron couscous with roasted tomatoes,"2 fresh plum tomatoes, halved","Tomatoes, standard, raw",260,0,0.624
Savoury coconut rice,"1 handful pak choi stalks, chopped","Pak choi, steamed",125,1,1.2
Savoury coconut rice,".5 red chilli, chopped","Peppers, capsicum, chilli, red, raw",10,0,0.1
Scarlet salad,2 fennel bulbs,"Fennel, Florence, raw",174,0,0.522
Scarlet salad,100g/3.5oz mixed salad leaves,"Lettuce, average, raw",100,1,0.13
"Shaved fennel, herb and tomato salad",".5 fennel bulb, finely sliced","Fennel, Florence, raw",44,0,0.132
"Shaved fennel, herb and tomato salad",".25 ripe tomato, finely chopped","Tomatoes, standard, raw",40,0,0.096
Smoked garlic soup with parsley pesto,"1 large potato, peeled, chopped and diced","Potatoes, old, boiled in unsalted water, flesh only",369,0,1.2546
Stir-fried beansprouts with peppers and herbs,".25 red pepper, chopped","Pepper, capsicum, red, raw",40,0,0.156
Tomato and squash pizza,warm water,"Water, distilled",,0,
Tomato and squash pizza,pinch dried chilli flakes,Chilli powder,5,0,0.865
Vegetable paella,2 bay leaves,"Bay leaf, dried",1.4,0,0.602
Vinaigrette potatoes with herbs,dash Tabasco sauce,Chilli sauce,5,0,0.14
Vinaigrette potatoes with herbs,"1 potato, peeled, cut into cubes and boiled until tender","Potatoes, old, boiled in unsalted water, flesh only",213,0,0.7242
Bruschetta with tomato and red onion,2 thick slices of bread,"Bread, white, sliced",88,0,1.408
Basil and parsley-dressed pasta,150g/5.5oz dried pasta of your choice,"Pasta, white, dried, raw",150,0,2.385
Cape Malay vegetarian curry,.5 tsp black peppercorns,"Pepper, black",1,0,0.0971
Aubergine and bean casserole,1 tbsp Dijon mustard,"Mustard, smooth",24,0,0.696
Basil and parsley-dressed pasta,"30g/1oz flatleaf parsley, finely chopped","Parsley, fresh",30,1,2.31
Cape Malay vegetarian curry,"4 cardamom pods, seeds only","Cardamom, ground",5,0,5
Cape Malay vegetarian curry,1 cinnamon stick,"Cinnamon, ground",5,0,0.416
Cape Malay vegetarian curry,2 tbsp roughly chopped parsley,"Parsley, fresh",12,1,0.924
Chickpea pasta (Ciceri e tria),"2 tbsp flat leaf parsley, chopped","Parsley, fresh",12,1,0.924
Foolproof green salad,1 tbsp Dijon mustard,"Mustard, smooth",24,0,0.696
Spicy beans on toast,"1 tsp chopped parsley, to garnish, optional","Parsley, fresh",2,1,0.154
Red pepper and shallot salad,"1 tbsp parsley, chopped","Parsley, fresh",3.8,1,0.2926
Red pepper and shallot salad,1 tbsp English mustard,"Mustard, smooth",24,0,0.696
Saffron couscous with roasted tomatoes,1 tbsp chopped fresh chervil,"Chervil, dried",5,0,1.595
Tomato and asparagus salad with caper vinaigrette,2 tbsp chopped parsley,"Parsley, fresh",7.6,1,0.5852
Versatile vegetable stew,2 tbsp roughly chopped flatleaf parsley,"Parsley, fresh",7.6,1,0.5852
Vinaigrette potatoes with herbs,1 tsp Dijon mustard,"Mustard, smooth",8,0,0.232
Vinaigrette potatoes with herbs,1 tbsp chopped fresh chervil,"Chervil, dried",5,0,1.595
Lime and ginger slaw,150g/5oz fresh beansprouts,"Beansprouts, mung, raw",150,0,2.55
Aubergine and bean casserole,2 x 400g/14oz can borlotti or butter beans,"Beans, red kidney, canned in water, re-heated, drained",480,0,10.848
Aubergine and red pepper Greek salad,1 large red pepper,"Pepper, capsicum, red, raw",160,0,0.624
Cape Malay vegetarian curry,1 tsp ground cumin,Cumin seeds,2,0,1.3272
Cape Malay vegetarian curry,1 dried red chilli,"Peppers, capsicum, chilli, red, raw",20,0,0.2
Chickpea pasta (Ciceri e tria),1 dried red chilli,"Peppers, capsicum, chilli, red, raw",20,0,0.2
Chickpea pasta (Ciceri e tria),100g/3.5oz 00 pasta flour,"Flour, wheat, white, plain, soft",100,0,1.94
Herb risotto,1 tbsp olive oil,"Oil, olive",12.6,0,0.0504
Herb risotto,"handful each fresh dill, parsley, chervil, chopped","Parsley, fresh",10,1,0.77
Herb risotto,"Black pepper, to taste","Pepper, black",0.5,0,0.04855
Mushroom and stout veggie puddings,pinch salt,Salt,0.5,0,0.0015
Mushroom and stout veggie puddings,1 tbsp finely chopped fresh parsley,"Parsley, fresh",3.6,1,0.2772
Mushroom and stout veggie puddings,2 tbsp olive oil,"Oil, olive",25.2,0,0.1008
Mushroom and stout veggie puddings,"2-3 sprigs fresh thyme, leaves only, chopped","Thyme, fresh",10,0,1.75
Mushroom and stout veggie puddings,"2-3 sprigs fresh thyme, leaves only, chopped","Thyme, fresh",10,0,1.75
Mushroom and stout veggie puddings,"Black pepper, to taste","Pepper, black",0.5,0,0.04855
Spicy beans on toast,2 tbsp olive oil,"Oil, olive",25.2,0,0.1008
Spicy beans on toast,1 tbsp olive oil,"Oil, olive",12.6,0,0.0504
Spicy beans on toast,"Black pepper, to taste","Pepper, black",0.5,0,0.04855
Kale and quinoa salad with orange tahini dressing,1 tbsp extra virgin olive oil,"Oil, olive",12.6,0,0.0504
Kale and quinoa salad with orange tahini dressing,2 tsp coconut oil,"Oil, coconut",7.4,0,0
Kale and quinoa salad with orange tahini dressing,"1 large handful chopped fresh coriander or flatleaf parsley, to garnish","Parsley, fresh",10,1,0.77
Kale and quinoa salad with orange tahini dressing,2 tbsp extra virgin olive oil,"Oil, olive",25.2,0,0.1008
Kale and quinoa salad with orange tahini dressing,freshly ground black pepper,"Pepper, black",0.1,0,0.00971
"Lentil, bean and kale salad","handful fresh flatleaf parsley, torn (or other soft herb, such as mint)","Parsley, fresh",10,1,0.77
"Lentil, bean and kale salad","1 fresh red chilli, deseeded and finely chopped (or 1 tsp chilli powder)","Peppers, capsicum, chilli, red, raw",20,0,0.2
"Lentil, bean and kale salad",130ml/4.5fl oz olive oil,"Oil, olive",117,0,0.468
Mediterranean-style salad with tapenade,2 tbsp olive oil,"Oil, olive",25.2,0,0.1008
Mediterranean-style salad with tapenade,1 handful fresh parsley,"Parsley, fresh",10,1,0.77
Mediterranean-style salad with tapenade,"1 handful fresh basil, torn","Basil, fresh",5,0,0.275
Mediterranean-style salad with tapenade,1 tsp balsamic vinegar,Vinegar,3.8,0,0.0038
Mediterranean-style salad with tapenade,1 tbsp olive oil,"Oil, olive",12.6,0,0.0504
"Mushroom stuffed with spinach, breadcrumbs, garlic and herbs",1 tbsp olive oil,"Oil, olive",12.6,0,0.0504
"Mushroom stuffed with spinach, breadcrumbs, garlic and herbs","handful fresh parsley, chopped","Parsley, fresh",10,1,0.77
"Mushroom stuffed with spinach, breadcrumbs, garlic and herbs","Black pepper, to taste","Pepper, black",0.5,0,0.04855
"Penne with chilli, garlic, herbs and olive oil",3 tbsp olive oil,"Oil, olive",37.8,0,0.1512
"Penne with chilli, garlic, herbs and olive oil",3 tbsp fresh parsley leaves,"Parsley, fresh",11.4,1,0.8778
"Penne with chilli, garlic, herbs and olive oil",a pinch of salt,Salt,0.5,0,0.0015
"Penne with chilli, garlic, herbs and olive oil","6 fresh basil leaves, torn","Basil, fresh",3,0,0.165
Red pepper and shallot salad,"Black pepper, to taste","Pepper, black",0.5,0,0.04855
Red pepper and shallot salad,2 tsp white wine vinegar,Vinegar,7.6,0,0.0076
Red pepper and shallot salad,30ml/1fl oz olive oil,"Oil, olive",27,0,0.108
Roasted tomato and rocket salad,2 tbsp olive oil,"Oil, olive",25.2,0,0.1008
Roasted tomato and rocket salad,"Black pepper, to taste","Pepper, black",0.5,0,0.04855
Roasted tomato and rocket salad,1 tbsp olive oil,"Oil, olive",12.6,0,0.0504
Roasted tomato and rocket salad,2 tsp balsamic vinegar,Vinegar,7.6,0,0.0076
Rocket and potato soup,1 tbsp olive oil,"Oil, olive",12.6,0,0.0504
Rocket and potato soup,"Black pepper, to taste","Pepper, black",0.5,0,0.04855
Rocket and potato soup,4 tbsp olive oil,"Oil, olive",50.4,0,0.2016
Rocket and potato soup,"Black pepper, to taste","Pepper, black",0.5,0,0.04855
Saffron couscous with roasted tomatoes,pinch saffron,Saffron,1,0,0.111
Saffron couscous with roasted tomatoes,2 tbsp olive oil,"Oil, olive",25.2,0,0.1008
Saffron couscous with roasted tomatoes,1 tbsp chopped fresh flatleaf parsley,"Parsley, fresh",3.8,1,0.2926
Saffron couscous with roasted tomatoes,1 tbsp chopped fresh chives,"Chives, fresh",3,0,0.048
Saffron couscous with roasted tomatoes,2 tbsp olive oil,"Oil, olive",25.2,0,0.1008
Saffron couscous with roasted tomatoes,"Black pepper, to taste","Pepper, black",0.5,0,0.04855
Saffron couscous with roasted tomatoes,2 sprigs fresh thyme,"Thyme, fresh",10,0,1.75
Saffron couscous with roasted tomatoes,2 sprigs fresh thyme,"Thyme, fresh",10,0,1.75
Savoury coconut rice,200ml/7fl oz coconut milk,Coconut milk,200,0,0.2
Savoury coconut rice,.5 tsp salt,Salt,2.5,0,0.0075
Scarlet salad,1 tsp paprika,Paprika,2.3,0,0.48622
Scarlet salad,4 tbsp extra virgin olive oil,"Oil, olive",50.4,0,0.2016
Scarlet salad,2 tbsp white wine vinegar,Vinegar,22.8,0,0.0228
Scarlet salad,1 tsp wholegrain mustard,"Mustard, wholegrain",8,0,0.224
Scarlet salad,"Black pepper, to taste","Pepper, black",0.5,0,0.04855
Scarlet salad,3 tbsp sunflower seeds,Sunflower seeds,30,0,1.92
"Shaved fennel, herb and tomato salad",2 tbsp olive oil,"Oil, olive",25.2,0,0.1008
"Shaved fennel, herb and tomato salad","handful mixed fresh herbs, such as chives, chervil, parsley and basil, chopped","Parsley, fresh",10,1,0.77
"Shaved fennel, herb and tomato salad","Black pepper, to taste","Pepper, black",0.5,0,0.04855
Smoked garlic soup with parsley pesto,"Black pepper, to taste","Pepper, black",0.5,0,0.04855
Smoked garlic soup with parsley pesto,"1 tsp chopped fresh chives, to garnish","Chives, fresh",1,0,0.016
Smoked garlic soup with parsley pesto,2 tbsp olive oil,"Oil, olive",25.2,0,0.1008
Smoked garlic soup with parsley pesto,handful fresh parsley,"Parsley, fresh",10,1,0.77
Smoked garlic soup with parsley pesto,"Black pepper, to taste","Pepper, black",0.5,0,0.04855
Spinach palmiers with pesto,"handful fresh parsley, roughly chopped","Parsley, fresh",10,1,0.77
Spinach palmiers with pesto,"handful fresh basil, roughly chopped","Basil, fresh",5,0,0.275
Spinach palmiers with pesto,1 tbsp olive oil,"Oil, olive",12.6,0,0.0504
Stir-fried beansprouts with peppers and herbs,1 tbsp olive oil,"Oil, olive",12.6,0,0.0504
Stir-fried beansprouts with peppers and herbs,1 tbsp chopped fresh dill,"Dill, fresh",3.8,0,0.1216
Stir-fried beansprouts with peppers and herbs,1 tbsp chopped fresh parsley,"Parsley, fresh",3.8,1,0.2926
Stir-fried beansprouts with peppers and herbs,"Black pepper, to taste","Pepper, black",0.5,0,0.04855
Tomato and asparagus salad with caper vinaigrette,1 tbsp balsamic vinegar,Vinegar,11.4,0,0.0114
Tomato and asparagus salad with caper vinaigrette,2 tbsp olive oil,"Oil, olive",25.2,0,0.1008
Tomato and asparagus salad with caper vinaigrette,"Black pepper, to taste","Pepper, black",0.5,0,0.04855
Tomato and squash pizza,pinch salt,Salt,0.5,0,0.0015
Tomato and squash pizza,1 tbsp olive oil,"Oil, olive",12.6,0,0.0504
Tomato and squash pizza,1 tbsp olive oil,"Oil, olive",12.6,0,0.0504
Tomato and squash pizza,"handful fresh parsley, chopped","Parsley, fresh",10,1,0.77
Tomato and squash pizza,"handful fresh basil, chopped","Basil, fresh",5,0,0.275
Tomato and squash pizza,"Black pepper, to taste","Pepper, black",0.5,0,0.04855
Tomato and squash pizza,1 tbsp olive oil,"Oil, olive",12.6,0,0.0504
Tomato and squash pizza,"2 sprigs fresh thyme, leaves only","Thyme, fresh",10,0,1.75
Tomato and squash pizza,"2 sprigs fresh thyme, leaves only","Thyme, fresh",10,0,1.75
Tomato and squash pizza,"Black pepper, to taste","Pepper, black",0.5,0,0.04855
Vegan pesto,25g/1oz fresh basil leaves,"Basil, fresh",25,0,1.375
Vegan pesto,1 tsp fresh lemon juice,"Lemon juice, fresh",5,0,0.005
Vegan pesto,5 tbsp extra virgin olive oil,"Oil, olive",63,0,0.252
Vegan pesto,.5 tsp flaked sea salt,Salt,2.5,0,0.0075
Vegan pesto,freshly ground black pepper,"Pepper, black",0.1,0,0.00971
Vegetable paella,2 tbsp virgin olive oil,"Oil, olive",25.2,0,0.1008
Vegetable paella,1 tsp hot smoked paprika,Paprika,2.3,0,0.48622
Vegetable paella,a good pinch saffron strands (around .5 heaped tsp loosely packed),Saffron,1,0,0.111
Versatile vegetable stew,1 tbsp olive oil,"Oil, olive",12.6,0,0.0504
Versatile vegetable stew,1 tsp sweet smoked paprika,Paprika,2.3,0,0.48622
Versatile vegetable stew,"Black pepper, to taste","Pepper, black",0.5,0,0.04855
Vinaigrette potatoes with herbs,3 tbsp olive oil,"Oil, olive",37.8,0,0.1512
Vinaigrette potatoes with herbs,1 tbsp red wine vinegar,Vinegar,11.4,0,0.0114
Vinaigrette potatoes with herbs,"Black pepper, to taste","Pepper, black",0.5,0,0.04855
Vinaigrette potatoes with herbs,2 tbsp chopped fresh chives,"Chives, fresh",6,0,0.096
Vinaigrette potatoes with herbs,1 tbsp chopped fresh flatleaf parsley,"Parsley, fresh",3.8,1,0.2926
"Warm beetroot, green bean, potato and almond salad","50g/2oz flaked almonds, toasted","Almonds, toasted",50,0,1.865
"Warm beetroot, green bean, potato and almond salad",3 tbsp olive oil,"Oil, olive",37.8,0,0.1512
"Warm beetroot, green bean, potato and almond salad","2 sprigs fresh basil, torn","Basil, fresh",25,0,1.375
"Warm beetroot, green bean, potato and almond salad",3 tbsp chopped fresh parsley,"Parsley, fresh",11.4,1,0.8778
"Warm beetroot, green bean, potato and almond salad","Black pepper, to taste","Pepper, black",0.5,0,0.04855
"Warm beetroot, green bean, potato and almond salad",1 tbsp balsamic vinegar,Vinegar,11.4,0,0.0114
"Warm beetroot, green bean, potato and almond salad",".5 cooked beetroot (not in vinegar), chopped","Beetroot, cooked in unsalted water",35,0,0.126
Wild mushrooms on crostini (funghi trifolati),75ml/3fl oz olive oil,"Oil, olive",67.5,0,0.27
Wild mushrooms on crostini (funghi trifolati),"Black pepper, to taste","Pepper, black",0.5,0,0.04855
Wild mushrooms on crostini (funghi trifolati),"fresh parsley, chopped","Parsley, fresh",10,1,0.77
Aromatic couscous,"Salt, to taste",Salt,2,0,0.006
Basil and parsley-dressed pasta,"Salt, to taste",Salt,2,0,0.006
Bruschetta with tomato and red onion,"Salt, to taste",Salt,2,0,0.006
"Tomato, cucumber and herb salad","Salt, to taste",Salt,2,0,0.006
Chickpea pasta (Ciceri e tria),"Salt, to taste",Salt,2,0,0.006
Couscous salad,"Salt, to taste",Salt,2,0,0.006
Creole aubergines,"Salt, to taste",Salt,2,0,0.006
Crunchy pepper salad with lemon and olive oil dressing,"Salt, to taste",Salt,2,0,0.006
Fattoush salad,"Salt, to taste",Salt,2,0,0.006
Foolproof green salad,"Salt, to taste",Salt,2,0,0.006
Garlic toast with roasted pepper and herb salad,"Salt, to taste",Salt,2,0,0.006
Herb and tomato couscous with green beans,"Salt, to taste",Salt,2,0,0.006
Herb risotto,"Salt, to taste",Salt,2,0,0.006
Mushroom and stout veggie puddings,"Salt, to taste",Salt,2,0,0.006
Spicy beans on toast,"Salt, to taste",Salt,2,0,0.006
"Mushroom stuffed with spinach, breadcrumbs, garlic and herbs","Salt, to taste",Salt,2,0,0.006
Red pepper and shallot salad,"Salt, to taste",Salt,2,0,0.006
Roasted tomato and rocket salad,"Salt, to taste",Salt,2,0,0.006
Rocket and potato soup,"Salt, to taste",Salt,2,0,0.006
Rocket and potato soup,"Salt, to taste",Salt,2,0,0.006
Saffron couscous with roasted tomatoes,"Salt, to taste",Salt,2,0,0.006
Scarlet salad,"Salt, to taste",Salt,2,0,0.006
"Shaved fennel, herb and tomato salad","Salt, to taste",Salt,2,0,0.006
Smoked garlic soup with parsley pesto,"Salt, to taste",Salt,2,0,0.006
Smoked garlic soup with parsley pesto,"Salt, to taste",Salt,2,0,0.006
Stir-fried beansprouts with peppers and herbs,"Salt, to taste",Salt,2,0,0.006
Tomato and asparagus salad with caper vinaigrette,"Salt, to taste",Salt,2,0,0.006
Tomato and squash pizza,"Salt, to taste",Salt,2,0,0.006
Tomato and squash pizza,"Salt, to taste",Salt,2,0,0.006
Versatile vegetable stew,"Salt, to taste",Salt,2,0,0.006
Vinaigrette potatoes with herbs,"Salt, to taste",Salt,2,0,0.006
"Warm beetroot, green bean, potato and almond salad","Salt, to taste",Salt,2,0,0.006
Wild mushrooms on crostini (funghi trifolati),"Salt, to taste",Salt,2,0,0.006
Beetroot hummus,"1 garlic clove, peeled","Garlic, raw",5,0,0.095
Beetroot hummus,1 tsp ground coriander,Coriander seeds,5,0,0.816
Beetroot hummus,"250g/9oz cooked beetroot, drained and quartered","Beetroot, cooked in unsalted water",250,0,0.9
Beetroot hummus,1 tsp cumin seeds,Cumin seeds,2,0,1.3272
Beetroot hummus,2 tbsp extra virgin olive oil,"Oil, olive",30,0,0.12
Beetroot hummus,2 tbsp fresh lemon juice,"Lemon juice, fresh",30,0,0.03
Beetroot hummus,ground black pepper,"Pepper, black",2,0,0.1942
Beetroot hummus,"400g tin chickpeas, drained and rinsed","Beans, chick peas, canned, re-heated, drained",240,0,4.56
