Recipe_name,Original_ingredient,Subrecipe,Subrecipe_original_ingredient,Food_name,Ingr_quant_g,Grown_in_garden,Iron_ingredient_recipe
Aromatic couscous,2 tbsp pine nuts,,2 tbsp pine nuts,"Pine nuts, kernel only",16,0,0.896
Aromatic couscous,"1 orange, juice and zest",,"1 orange, juice and zest","Orange juice, chilled",70,0,0.049
Aromatic couscous,"1 lemon, juice and zest",,"1 lemon, juice and zest","Lemon juice, fresh",60,0,0.06
Aromatic couscous,"1 courgette, sliced lengthways",,"1 courgette, sliced lengthways","Courgette, raw",200,0,0.84
Aromatic couscous,"200g/7oz couscous, cooked according to packet instructions",,"200g/7oz couscous, cooked according to packet instructions","Couscous, plain, cooked",200,0,2.04
Aromatic couscous,"olive oil, for drizzling",,"olive oil, for drizzling","Oil, olive",5,0,0.02
Aromatic couscous,"small handful fresh mixed herbs such as parsley, mint, basil and coriander, chopped",,"small handful fresh mixed herbs such as parsley, mint, basil and coriander, chopped","Parsley, fresh",7.5,1,0.5775
Aromatic couscous,"Black pepper, to taste",,"Black pepper, to taste","Pepper, black",0.5,0,0.04855
Aromatic couscous,"2 tbsp black olives, stones removed",,"2 tbsp black olives, stones removed","Olives, green, in brine, drained, flesh and skin",35,0,0.35
Aromatic couscous,".5 red pepper, cut into strips",,".5 red pepper, cut into strips","Pepper, capsicum, red, raw",80,0,0.312
Aromatic couscous,"Salt, to taste",,"Salt, to taste",Salt,2,0,0.006
Aubergine and bean casserole,flatbread,,flatbread,"Bread, pitta, white",60,0,1.14
Aubergine and bean casserole,"2 onions, quartered",,"2 onions, quartered","Onions, raw",150,0,0.45
Aubergine and bean casserole,"1 garlic clove, crushed",,"1 garlic clove, crushed","Garlic, raw",5,0,0.095
Aubergine and bean casserole,100ml/3.5fl oz vegetable stock,,100ml/3.5fl oz vegetable stock,"Stock cubes, chicken, made up with water",100,0,0.17
Aubergine and bean casserole,1 tbsp vegetable oil,,1 tbsp vegetable oil,"Oil, vegetable, average",15,0,0.015
Aubergine and bean casserole,75g/3oz brown sugar,,75g/3oz brown sugar,"Sugar, brown",75,0,1.275
Aubergine and bean casserole,1 tsp smoked paprika,,1 tsp smoked paprika,Paprika,5,0,1.057
Aubergine and bean casserole,75g/3oz molasses,,75g/3oz molasses,Molasses,75,0,3.525
Aubergine and bean casserole,2 tbsp tomato ketchup,,2 tbsp tomato ketchup,Tomato ketchup,30,0,0.09
Aubergine and bean casserole,30ml/1.25fl oz sherry vinegar,,30ml/1.25fl oz sherry vinegar,Vinegar,30,0,0.03
Aubergine and bean casserole,1 tbsp chopped fresh parsley,,1 tbsp chopped fresh parsley,"Parsley, fresh",6,1,0.462
Aubergine and bean casserole,"2 aubergines, cut into large chunks",,"2 aubergines, cut into large chunks","Aubergine, raw",400,0,1.2
Aubergine and bean casserole,"250g/9oz chestnut mushrooms, halved",,"250g/9oz chestnut mushrooms, halved","Mushrooms, white, raw",250,0,0.525
Aubergine and bean casserole,1 tbsp Dijon mustard,,1 tbsp Dijon mustard,"Mustard, smooth",24,0,0.696
Aubergine and bean casserole,2 x 400g/14oz can borlotti or butter beans,,2 x 400g/14oz can borlotti or butter beans,"Beans, red kidney, canned in water, re-heated, drained",480,0,10.848
Aubergine and red pepper Greek salad,"3 garlic cloves, roughly chopped",,"3 garlic cloves, roughly chopped","Garlic, raw",15,0,0.285
Aubergine and red pepper Greek salad,"1 fresh French bread baton, diagonally sliced into 6 pieces",,"1 fresh French bread baton, diagonally sliced into 6 pieces","Bread, white, French stick",200,0,2.8
Aubergine and red pepper Greek salad,1 small-medium aubergine (around 250g/9oz),,1 small-medium aubergine (around 250g/9oz),"Aubergine, raw",250,0,0.75
Aubergine and red pepper Greek salad,"25g/1oz bunch fresh flat leaf parsley, leaves roughly chopped, plus extra to garnish",,"25g/1oz bunch fresh flat leaf parsley, leaves roughly chopped, plus extra to garnish","Parsley, fresh",25,1,1.925
Aubergine and red pepper Greek salad,"8 tbsp extra virgin olive oil, plus extra for drizzling",,"8 tbsp extra virgin olive oil, plus extra for drizzling","Oil, olive",120,0,0.48
Aubergine and red pepper Greek salad,flaked sea salt,,flaked sea salt,Salt,2,0,0.006
Aubergine and red pepper Greek salad,2 tbsp fresh lemon juice,,2 tbsp fresh lemon juice,"Lemon juice, fresh",30,0,0.03
Aubergine and red pepper Greek salad,freshly ground black pepper,,freshly ground black pepper,"Pepper, black",2,0,0.1942
Aubergine and red pepper Greek salad,1 large red pepper,,1 large red pepper,"Pepper, capsicum, red, raw",160,0,0.624
Basil and parsley-dressed pasta,2 tbsp olive oil,,2 tbsp olive oil,"Oil, olive",30,0,0.12
Basil and parsley-dressed pasta,"Black pepper, to taste",,"Black pepper, to taste","Pepper, black",0.5,0,0.04855
Basil and parsley-dressed pasta,"55g/2oz basil leaves, finely chopped",,"55g/2oz basil leaves, finely chopped","Basil, fresh",55,0,3.025
Basil and parsley-dressed pasta,150g/5.5oz dried pasta of your choice,,150g/5.5oz dried pasta of your choice,"Pasta, white, dried, raw",150,0,2.385
Basil and parsley-dressed pasta,"30g/1oz flatleaf parsley, finely chopped",,"30g/1oz flatleaf parsley, finely chopped","Parsley, fresh",30,1,2.31
Basil and parsley-dressed pasta,"Salt, to taste",,"Salt, to taste",Salt,2,0,0.006
Bean soup with vegan pesto,".5 garlic clove, peeled",For the pesto,"For the pesto: .5 garlic clove, peeled","Garlic, raw",2.5,0,0.0475
Bean soup with vegan pesto,"25g/1oz spinach, watercress and rocket salad",For the pesto,"For the pesto: 25g/1oz spinach, watercress and rocket salad","Rocket, raw",25,1,0.315
Bean soup with vegan pesto,25g/1oz fresh basil leaves,For the pesto,For the pesto: 25g/1oz fresh basil leaves,"Basil, fresh",25,0,1.375
Bean soup with vegan pesto,1 tsp fresh lemon juice,For the pesto,For the pesto: 1 tsp fresh lemon juice,"Lemon juice, fresh",5,0,0.005
Bean soup with vegan pesto,5 tbsp extra virgin olive oil,For the pesto,For the pesto: 5 tbsp extra virgin olive oil,"Oil, olive",75,0,0.3
Bean soup with vegan pesto,.5 tsp flaked sea salt,For the pesto,For the pesto: .5 tsp flaked sea salt,Salt,2,0,0.006
Bean soup with vegan pesto,freshly ground black pepper,For the pesto,For the pesto: freshly ground black pepper,"Pepper, black",2,0,0.1942
Bean soup with vegan pesto,"25g/1oz skin-on almonds, roughly chopped",For the pesto,"For the pesto: 25g/1oz skin-on almonds, roughly chopped","Almonds, whole kernels",25,0,0.9275
Bean soup with vegan pesto,"400g tin cannellini beans, drained and rinsed",For the soup,"For the soup: 400g tin cannellini beans, drained and rinsed","Beans, cannellini, canned, re-heated, drained",240,0,4.56
Bean soup with vegan pesto,"2 celery sticks, thinly sliced",For the soup,"For the soup: 2 celery sticks, thinly sliced","Celery, raw",100,0,0.06
Bean soup with vegan pesto,"2 garlic cloves, thinly sliced",For the soup,"For the soup: 2 garlic cloves, thinly sliced","Garlic, raw",10,0,0.19
Bean soup with vegan pesto,"900ml/1.5 pint vegetable stock, made with 1 vegan stock cube",For the soup,"For the soup: 900ml/1.5 pint vegetable stock, made with 1 vegan stock cube","Stock cubes, chicken, made up with water",900,0,1.53
Bean soup with vegan pesto,"1 courgette, chopped",For the soup,"For the soup: 1 courgette, chopped","Courgette, raw",100,0,0.42
Bean soup with vegan pesto,2 tbsp extra virgin olive oil,For the soup,For the soup: 2 tbsp extra virgin olive oil,"Oil, olive",30,0,0.12
Bean soup with vegan pesto,"1 onion, thinly sliced",For the soup,"For the soup: 1 onion, thinly sliced","Onions, raw",50,0,0.15
Bean soup with vegan pesto,"400g tin borlotti beans, drained and rinsed",For the soup,"For the soup: 400g tin borlotti beans, drained and rinsed","Beans, red kidney, canned in water, re-heated, drained",240,0,5.424
Bean soup with vegan pesto,"2 carrots, chopped",For the soup,"For the soup: 2 carrots, chopped","Carrots, old, raw",134,0,0.3082
Beetroot hummus,"1 garlic clove, peeled",,"1 garlic clove, peeled","Garlic, raw",5,0,0.095
Beetroot hummus,1 tsp ground coriander,,1 tsp ground coriander,Coriander seeds,5,0,0.816
Beetroot hummus,"250g/9oz cooked beetroot, drained and quartered",,"250g/9oz cooked beetroot, drained and quartered","Beetroot, cooked in unsalted water",250,0,0.9
Beetroot hummus,1 tsp cumin seeds,,1 tsp cumin seeds,Cumin seeds,2,0,1.3272
Beetroot hummus,2 tbsp extra virgin olive oil,,2 tbsp extra virgin olive oil,"Oil, olive",30,0,0.12
Beetroot hummus,2 tbsp fresh lemon juice,,2 tbsp fresh lemon juice,"Lemon juice, fresh",30,0,0.03
Beetroot hummus,ground black pepper,,ground black pepper,"Pepper, black",2,0,0.1942
Beetroot hummus,"400g tin chickpeas, drained and rinsed",,"400g tin chickpeas, drained and rinsed","Beans, chick peas, canned, re-heated, drained",240,0,4.56
Bruschetta with tomato and red onion,25g/1oz chopped red onion,For the topping,For the topping: 25g/1oz chopped red onion,"Onions, raw",25,0,0.075
Bruschetta with tomato and red onion,1 tbsp olive oil,,1 tbsp olive oil,"Oil, olive",15,0,0.06
Bruschetta with tomato and red onion,1 tbsp olive oil,For the topping,For the topping: 1 tbsp olive oil,"Oil, olive",15,0,0.06
Bruschetta with tomato and red onion,1 tbsp chopped fresh parsley,For the topping,For the topping: 1 tbsp chopped fresh parsley,"Parsley, fresh",6,1,0.462
Bruschetta with tomato and red onion,"Black pepper, to taste",For the topping,"For the topping: Black pepper, to taste","Pepper, black",0.5,0,0.04855
Bruschetta with tomato and red onion,"75g/2.75oz tinned tomatoes, chopped",For the topping,"For the topping: 75g/2.75oz tinned tomatoes, chopped","Tomatoes, canned, whole contents",75,0,0.4275
Bruschetta with tomato and red onion,2 thick slices of bread,,2 thick slices of bread,"Bread, white, sliced",88,0,1.408
Bruschetta with tomato and red onion,"Salt, to taste",For the topping,"For the topping: Salt, to taste",Salt,2,0,0.006
Cape Malay vegetarian curry,"1 red onion, roughly chopped",,"1 red onion, roughly chopped","Onions, raw",125,0,0.375
Cape Malay vegetarian curry,"4 flatbreads, to serve",,"4 flatbreads, to serve","Bread, pitta, white",400,0,7.6
Cape Malay vegetarian curry,"2 garlic cloves, finely chopped",,"2 garlic cloves, finely chopped","Garlic, raw",10,0,0.19
Cape Malay vegetarian curry,"320g/11oz long-grain rice, to serve",,"320g/11oz long-grain rice, to serve","Rice, white, long grain, raw",320,0,0.832
Cape Malay vegetarian curry,"1 small cauliflower, cut into bite-sized pieces",,"1 small cauliflower, cut into bite-sized pieces","Cauliflower, raw",300,0,1.26
Cape Malay vegetarian curry,"handful green beans, roughly chopped",,"handful green beans, roughly chopped","Beans, green, raw",25,0,0.26
Cape Malay vegetarian curry,4 curry leaves,,4 curry leaves,"Curry leaves, fresh",5,0,0.255
Cape Malay vegetarian curry,1 tsp fennel seeds,,1 tsp fennel seeds,Fennel seeds,2,0,0.246
Cape Malay vegetarian curry,1 tsp black mustard seeds,,1 tsp black mustard seeds,Mustard seeds,2,0,0.37
Cape Malay vegetarian curry,1 tsp coriander seeds,,1 tsp coriander seeds,Coriander seeds,2,0,0.3264
Cape Malay vegetarian curry,1 tbsp ground turmeric,,1 tbsp ground turmeric,"Turmeric, ground",7,0,2.765
Cape Malay vegetarian curry,1 tsp ground ginger,,1 tsp ground ginger,"Ginger, ground",2,0,0.936
Cape Malay vegetarian curry,handful dried apricots,,handful dried apricots,"Apricots, dried",90,0,3.69
Cape Malay vegetarian curry,1 tbsp olive oil,,1 tbsp olive oil,"Oil, olive",15,0,0.06
Cape Malay vegetarian curry,"400g tin chickpeas, drained and rinsed",,"400g tin chickpeas, drained and rinsed","Beans, chick peas, canned, re-heated, drained",240,0,4.56
Cape Malay vegetarian curry,1 tsp cloves,,1 tsp cloves,"Cloves, dried",5,0,0.28
Cape Malay vegetarian curry,"1 red pepper, seeds removed, roughly chopped",,"1 red pepper, seeds removed, roughly chopped","Pepper, capsicum, red, raw",160,0,0.624
Cape Malay vegetarian curry,"1 yellow pepper, seeds removed, roughly chopped",,"1 yellow pepper, seeds removed, roughly chopped","Pepper, capsicum, yellow, raw",160,0,0.768
Cape Malay vegetarian curry,1 heaped tbsp peach chutney,,1 heaped tbsp peach chutney,"Chutney, mango, sweet",25,0,0.275
Cape Malay vegetarian curry,.5 tsp black peppercorns,,.5 tsp black peppercorns,"Pepper, black",1,0,0.0971
Cape Malay vegetarian curry,"4 cardamom pods, seeds only",,"4 cardamom pods, seeds only","Cardamom, ground",5,0,5
Cape Malay vegetarian curry,1 cinnamon stick,,1 cinnamon stick,"Cinnamon, ground",5,0,0.416
Cape Malay vegetarian curry,2 tbsp roughly chopped parsley,,2 tbsp roughly chopped parsley,"Parsley, fresh",12,1,0.924
Cape Malay vegetarian curry,1 tsp ground cumin,,1 tsp ground cumin,Cumin seeds,2,0,1.3272
Cape Malay vegetarian curry,1 dried red chilli,,1 dried red chilli,"Peppers, capsicum, chilli, red, raw",20,0,0.2
Chickpea pasta (Ciceri e tria),1 sprig rosemary,For the pasta,For the pasta: 1 sprig rosemary,"Rosemary, fresh",2,0,0.17
Chickpea pasta (Ciceri e tria),"4 garlic cloves, peeled",For the pasta,"For the pasta: 4 garlic cloves, peeled","Garlic, raw",20,0,0.38
Chickpea pasta (Ciceri e tria),"200g/7oz fine semolina flour, plus extra for rolling",For the pasta,"For the pasta: 200g/7oz fine semolina flour, plus extra for rolling","Semolina, raw",200,0,2.58
Chickpea pasta (Ciceri e tria),1 red chilli,For the pasta,For the pasta: 1 red chilli,"Peppers, capsicum, chilli, red, raw",10,0,0.1
Chickpea pasta (Ciceri e tria),150ml/5fl oz olive oil,For the pasta,For the pasta: 150ml/5fl oz olive oil,"Oil, olive",150,0,0.6
Chickpea pasta (Ciceri e tria),"Black pepper, to taste",For the pasta,"For the pasta: Black pepper, to taste","Pepper, black",0.5,0,0.04855
Chickpea pasta (Ciceri e tria),100g/3.5oz 00 pasta flour,For the pasta,For the pasta: 100g/3.5oz 00 pasta flour,"Flour, wheat, white, plain, soft",100,0,1.94
Chickpea pasta (Ciceri e tria),"Salt, to taste",For the pasta,"For the pasta: Salt, to taste",Salt,2,0,0.006
Chickpea pasta (Ciceri e tria),"100g/3.5oz purple sprouting broccoli, trimmed",To serve,"To serve: 100g/3.5oz purple sprouting broccoli, trimmed","Broccoli, purple sprouting, raw",100,0,1.9
Chickpea pasta (Ciceri e tria),extra virgin olive oil,To serve,To serve: extra virgin olive oil,"Oil, olive",5,0,0.02
Chickpea pasta (Ciceri e tria),2 tbsp olive oil,To serve,To serve: 2 tbsp olive oil,"Oil, olive",30,0,0.12
Chickpea pasta (Ciceri e tria),1 tsp white wine vinegar,To serve,To serve: 1 tsp white wine vinegar,Vinegar,5,0,0.005
Chickpea pasta (Ciceri e tria),"1 leek, cut in half",To serve,"To serve: 1 leek, cut in half","Leeks, raw",5,0,0.021
Chickpea pasta (Ciceri e tria),"50g/1.75oz kale, leaves picked",To serve,"To serve: 50g/1.75oz kale, leaves picked","Curly kale, raw",50,0,0.85
Chickpea pasta (Ciceri e tria),"100g/3.5oz broccoli, cut into florets",To serve,"To serve: 100g/3.5oz broccoli, cut into florets","Broccoli, green, raw",100,0,1.06
Chickpea pasta (Ciceri e tria),"2 tbsp flat leaf parsley, chopped",To serve,"To serve: 2 tbsp flat leaf parsley, chopped","Parsley, fresh",12,1,0.924
Chickpea pasta (Ciceri e tria),".5 leek, cut into chunks",For the chickpea sauce,"For the chickpea sauce: .5 leek, cut into chunks","Leeks, raw",62.5,0,0.2625
Chickpea pasta (Ciceri e tria),".5 red onion, cut into chunks",For the chickpea sauce,"For the chickpea sauce: .5 red onion, cut into chunks","Onions, raw",62.5,0,0.1875
Chickpea pasta (Ciceri e tria),1 sprig rosemary,For the chickpea sauce,For the chickpea sauce: 1 sprig rosemary,"Rosemary, fresh",2,0,0.17
Chickpea pasta (Ciceri e tria),"6 garlic cloves, peeled",For the chickpea sauce,"For the chickpea sauce: 6 garlic cloves, peeled","Garlic, raw",30,0,0.57
Chickpea pasta (Ciceri e tria),".5 stick celery, cut into chunks",For the chickpea sauce,"For the chickpea sauce: .5 stick celery, cut into chunks","Celery, raw",25,0,0.015
Chickpea pasta (Ciceri e tria),"2 cherry tomatoes, halved",For the chickpea sauce,"For the chickpea sauce: 2 cherry tomatoes, halved","Tomatoes, cherry, raw",20,0,0.068
Chickpea pasta (Ciceri e tria),250g/9oz chickpeas soaked overnight in plenty of cold water and drained,For the chickpea sauce,For the chickpea sauce: 250g/9oz chickpeas soaked overnight in plenty of cold water and drained,"Beans, chick peas, canned, re-heated, drained",250,0,4.75
Chickpea pasta (Ciceri e tria),1 dried red chilli,For the chickpea sauce,For the chickpea sauce: 1 dried red chilli,"Peppers, capsicum, chilli, red, raw",20,0,0.2
Couscous salad,"1 lemon, zest and juice",,"1 lemon, zest and juice","Lemon juice, fresh",60,0,0.06
Couscous salad,"1 bunch fresh coriander, chopped",,"1 bunch fresh coriander, chopped","Coriander leaves, fresh",25,0,0.4425
Couscous salad,"1 bunch fresh parsley, chopped",,"1 bunch fresh parsley, chopped","Parsley, fresh",30,1,2.31
Couscous salad,"30g/1oz sunflower seeds, toasted",,"30g/1oz sunflower seeds, toasted",Sunflower seeds,30,0,1.92
Couscous salad,"30g/1oz sesame seeds, toasted",,"30g/1oz sesame seeds, toasted",Sesame seeds,30,0,3.12
Couscous salad,4 tbsp olive oil,,4 tbsp olive oil,"Oil, olive",60,0,0.24
Couscous salad,"Black pepper, to taste",,"Black pepper, to taste","Pepper, black",0.5,0,0.04855
Couscous salad,"1 red onion, very finely chopped",,"1 red onion, very finely chopped","Onions, raw",50,0,0.15
Couscous salad,225g/8oz couscous,,225g/8oz couscous,"Couscous, plain, cooked",225,0,2.295
Couscous salad,".5 cucumber, de-seeded and finely diced",,".5 cucumber, de-seeded and finely diced","Cucumber, raw, flesh and skin",200,0,0.6
Couscous salad,"Salt, to taste",,"Salt, to taste",Salt,2,0,0.006
Creole aubergines,.25 tbsp hot paprika,,.25 tbsp hot paprika,Paprika,2,0,0.4228
Creole aubergines,.25 tbsp sweet paprika,,.25 tbsp sweet paprika,Paprika,2,0,0.4228
Creole aubergines,.5 tsp soft light brown sugar,,.5 tsp soft light brown sugar,"Sugar, brown",2.5,0,0.0425
Creole aubergines,"1 green pepper, seeds removed, chopped",,"1 green pepper, seeds removed, chopped","Peppers, capsicum, green, raw",160,0,0.64
Creole aubergines,"1 red pepper, seeds removed, chopped",,"1 red pepper, seeds removed, chopped","Pepper, capsicum, red, raw",160,0,0.624
Creole aubergines,"2 onions, peeled, finely chopped",,"2 onions, peeled, finely chopped","Onions, raw",240,0,0.72
Creole aubergines,2 tbsp chopped fresh parsley leaves,To serve,To serve: 2 tbsp chopped fresh parsley leaves,"Parsley, fresh",12,1,0.924
Creole aubergines,2 tsp ground cumin,,2 tsp ground cumin,Cumin seeds,5,0,3.318
Creole aubergines,"3 large aubergines, cut into cubes",,"3 large aubergines, cut into cubes","Aubergine, raw",600,0,1.8
Creole aubergines,"4 cloves garlic, peeled, chopped",,"4 cloves garlic, peeled, chopped","Garlic, raw",20,0,0.38
Creole aubergines,6 tbsp olive oil,,6 tbsp olive oil,"Oil, olive",90,0,0.36
Creole aubergines,8 lime wedges,To serve,To serve: 8 lime wedges,"Limes, flesh only",100,0,0.4
Creole aubergines,800g/1lb 12.25oz canned cherry tomatoes,,800g/1lb 12.25oz canned cherry tomatoes,"Tomatoes, canned, whole contents",800,0,4.56
Creole aubergines,"Black pepper, to taste",,"Black pepper, to taste","Pepper, black",0.5,0,0.04855
Creole aubergines,"Salt, to taste",,"Salt, to taste",Salt,2,0,0.006
Crunchy pepper salad with lemon and olive oil dressing,".25 iceberg lettuce, shredded",,".25 iceberg lettuce, shredded","Lettuce, average, raw",90,0,0.117
Crunchy pepper salad with lemon and olive oil dressing,".5 lemon, zest and juice",,".5 lemon, zest and juice","Lemon juice, fresh",30,0,0.03
Crunchy pepper salad with lemon and olive oil dressing,2 tbsp chopped fresh parsley,,2 tbsp chopped fresh parsley,"Parsley, fresh",12,1,0.924
Crunchy pepper salad with lemon and olive oil dressing,3 tbsp olive oil,,3 tbsp olive oil,"Oil, olive",45,0,0.18
Crunchy pepper salad with lemon and olive oil dressing,"Black pepper, to taste",,"Black pepper, to taste","Pepper, black",0.5,0,0.04855
Crunchy pepper salad with lemon and olive oil dressing,".25 onion, finely sliced",,".25 onion, finely sliced","Onions, raw",12.5,0,0.0375
Crunchy pepper salad with lemon and olive oil dressing,".25 red pepper, seeds removed, finely sliced",,".25 red pepper, seeds removed, finely sliced","Pepper, capsicum, red, raw",40,0,0.156
Crunchy pepper salad with lemon and olive oil dressing,".25 yellow pepper, seeds removed, finely sliced",,".25 yellow pepper, seeds removed, finely sliced","Pepper, capsicum, yellow, raw",40,0,0.192
Crunchy pepper salad with lemon and olive oil dressing,"Salt, to taste",,"Salt, to taste",Salt,2,0,0.006
Cucumber ribbon salad with olive and caper dressing,".5 lemon, juice only",,".5 lemon, juice only","Lemon juice, fresh",30,0,0.03
Cucumber ribbon salad with olive and caper dressing,3 tbsp olive oil,,3 tbsp olive oil,"Oil, olive",45,0,0.18
Cucumber ribbon salad with olive and caper dressing,1 tbsp white wine vinegar,,1 tbsp white wine vinegar,Vinegar,15,0,0.015
Cucumber ribbon salad with olive and caper dressing,2 tbsp chopped fresh parsley,,2 tbsp chopped fresh parsley,"Parsley, fresh",12,1,0.924
Cucumber ribbon salad with olive and caper dressing,1 tbsp black olives,,1 tbsp black olives,"Olives, green, in brine, drained, flesh and skin",20,0,0.2
Cucumber ribbon salad with olive and caper dressing,"2 tbsp capers, drained",,"2 tbsp capers, drained","Olives, green, in brine, drained, flesh and skin",20,0,0.2
Cucumber ribbon salad with olive and caper dressing,2 red peppers from a jar,,2 red peppers from a jar,"Pepper, capsicum, red, raw",50,0,0.195
Cucumber ribbon salad with olive and caper dressing,".5 cucumber, de-seeded and cut into ribbons with a peeler",,".5 cucumber, de-seeded and cut into ribbons with a peeler","Cucumber, raw, flesh and skin",200,0,0.6
Fattoush salad,"1 tsp sumac, plus extra to garnish",For the dressing,"For the dressing: 1 tsp sumac, plus extra to garnish",Chinese 5 spice,5,0,1.28
Fattoush salad,"1 lemon, juice only",For the dressing,"For the dressing: 1 lemon, juice only","Lemon juice, fresh",60,0,0.06
Fattoush salad,2-3 tbsp extra virgin olive oil,For the dressing,For the dressing: 2-3 tbsp extra virgin olive oil,"Oil, olive",45,0,0.18
Fattoush salad,2 tbsp pomegranate molasses,For the dressing,For the dressing: 2 tbsp pomegranate molasses,Molasses,30,0,1.41
Fattoush salad,".5 cucumber, chopped into large chunks",For the salad,"For the salad: .5 cucumber, chopped into large chunks","Cucumber, raw, flesh and skin",100,0,0.3
Fattoush salad,100ml/3.5fl oz vegetable oil,For the salad,For the salad: 100ml/3.5fl oz vegetable oil,"Oil, vegetable, average",100,0,0.1
Fattoush salad,"2 fresh mint sprigs, leaves picked and finely chopped",For the salad,"For the salad: 2 fresh mint sprigs, leaves picked and finely chopped","Mint, fresh",5,0,0.475
Fattoush salad,"large handful fresh parsley, finely chopped",For the salad,"For the salad: large handful fresh parsley, finely chopped","Parsley, fresh",7.5,1,0.5775
Fattoush salad,"Black pepper, to taste",For the salad,"For the salad: Black pepper, to taste","Pepper, black",0.5,0,0.04855
Fattoush salad,"1 Little Gem lettuce, leaves separated and torn",For the salad,"For the salad: 1 Little Gem lettuce, leaves separated and torn","Lettuce, average, raw",80,1,0.104
Fattoush salad,"2 pitta breads, cut into squares",For the salad,"For the salad: 2 pitta breads, cut into squares","Bread, pitta, white",120,0,2.28
Fattoush salad,"2 large vine tomatoes, chopped into large chunks",For the salad,"For the salad: 2 large vine tomatoes, chopped into large chunks","Tomatoes, standard, raw",260,0,0.624
Fattoush salad,"10-12 black olives, pitted",For the salad,"For the salad: 10-12 black olives, pitted","Olives, green, in brine, drained, flesh and skin",36,0,0.36
Fattoush salad,".5 pomegranate, seeds only",For the salad,"For the salad: .5 pomegranate, seeds only","Pomegranate, flesh and pips",60,0,0.42
Fattoush salad,"Salt, to taste",For the salad,"For the salad: Salt, to taste",Salt,2,0,0.006
Foolproof green salad,"1 Romaine lettuce, roughly torn",For the salad,"For the salad: 1 Romaine lettuce, roughly torn","Lettuce, average, raw",120,1,0.156
Foolproof green salad,"8 spring onions, thinly sliced",For the salad,"For the salad: 8 spring onions, thinly sliced","Spring onions, bulbs and tops, raw",200,0,3.8
Foolproof green salad,"8 celery sticks, thinly sliced",For the salad,"For the salad: 8 celery sticks, thinly sliced","Celery, raw",400,0,0.24
Foolproof green salad,"100g/3.5oz rocket or watercress, roughly torn",For the salad,"For the salad: 100g/3.5oz rocket or watercress, roughly torn","Watercress, raw",100,0,0.72
Foolproof green salad,".5 large cucumber, halved lengthways and sliced",For the salad,"For the salad: .5 large cucumber, halved lengthways and sliced","Cucumber, raw, flesh and skin",300,0,0.9
Foolproof green salad,"1 small fennel bulb, thinly sliced",For the salad,"For the salad: 1 small fennel bulb, thinly sliced","Fennel, Florence, raw",87,0,0.261
Foolproof green salad,"200g/7oz mixed salad leaves, roughly torn",For the salad,"For the salad: 200g/7oz mixed salad leaves, roughly torn","Lettuce, average, raw",200,1,0.26
Foolproof green salad,8 tbsp extra virgin olive oil,For the dill dressing,For the dill dressing: 8 tbsp extra virgin olive oil,"Oil, olive",120,0,0.48
Foolproof green salad,3 tbsp white wine vinegar,For the dill dressing,For the dill dressing: 3 tbsp white wine vinegar,Vinegar,45,0,0.045
Foolproof green salad,1 tbsp balsamic vinegar,For the dill dressing,For the dill dressing: 1 tbsp balsamic vinegar,Vinegar,15,0,0.015
Foolproof green salad,"1 bunch fresh dill, chopped",For the dill dressing,"For the dill dressing: 1 bunch fresh dill, chopped","Dill, fresh",30,0,0.96
Foolproof green salad,"Black pepper, to taste",For the dill dressing,"For the dill dressing: Black pepper, to taste","Pepper, black",0.5,0,0.04855
Foolproof green salad,1 tbsp caster sugar,For the dill dressing,For the dill dressing: 1 tbsp caster sugar,"Sugar, white",13,0,0.026
Foolproof green salad,1 tbsp Dijon mustard,For the dill dressing,For the dill dressing: 1 tbsp Dijon mustard,"Mustard, smooth",24,0,0.696
Foolproof green salad,"Salt, to taste",For the dill dressing,"For the dill dressing: Salt, to taste",Salt,2,0,0.006
Garlic toast with roasted pepper and herb salad,"1 bulb smoked garlic, one clove removed and peeled",For the garlic toast,"For the garlic toast: 1 bulb smoked garlic, one clove removed and peeled","Garlic, raw",35,0,0.665
Garlic toast with roasted pepper and herb salad,4 thick slices crusty white bread,For the garlic toast,For the garlic toast: 4 thick slices crusty white bread,"Bread rolls, white, crusty",400,0,6.8
Garlic toast with roasted pepper and herb salad,2 tbsp olive oil,For the garlic toast,For the garlic toast: 2 tbsp olive oil,"Oil, olive",30,0,0.12
Garlic toast with roasted pepper and herb salad,squeeze lemon juice,For the roasted pepper and herb salad,For the roasted pepper and herb salad: squeeze lemon juice,"Lemon juice, fresh",30,0,0.03
Garlic toast with roasted pepper and herb salad,3 tbsp olive oil,For the roasted pepper and herb salad,For the roasted pepper and herb salad: 3 tbsp olive oil,"Oil, olive",45,0,0.18
Garlic toast with roasted pepper and herb salad,"large handful fresh herbs, such as parsley, basil, dill and chives",For the roasted pepper and herb salad,"For the roasted pepper and herb salad: large handful fresh herbs, such as parsley, basil, dill and chives","Parsley, fresh",7.5,1,0.5775
Garlic toast with roasted pepper and herb salad,"Black pepper, to taste",For the roasted pepper and herb salad,"For the roasted pepper and herb salad: Black pepper, to taste","Pepper, black",0.5,0,0.04855
Garlic toast with roasted pepper and herb salad,".5 red pepper, seeds removed",For the roasted pepper and herb salad,"For the roasted pepper and herb salad: .5 red pepper, seeds removed","Pepper, capsicum, red, raw",80,0,0.312
Garlic toast with roasted pepper and herb salad,"Salt, to taste",For the roasted pepper and herb salad,"For the roasted pepper and herb salad: Salt, to taste",Salt,2,0,0.006
Gigantes with tomatoes and greens,1 tbsp tomato purée,,1 tbsp tomato purée,Tomato puree,15,0,0.2175
Gigantes with tomatoes and greens,"2 garlic cloves, chopped",,"2 garlic cloves, chopped","Garlic, raw",10,0,0.19
Gigantes with tomatoes and greens,"500g/1lb 2oz dried gigantes beans or butter beans, soaked overnight",,"500g/1lb 2oz dried gigantes beans or butter beans, soaked overnight","Beans, butter, dried, raw",500,0,29.5
Gigantes with tomatoes and greens,6 tbsp olive oil,,6 tbsp olive oil,"Oil, olive",90,0,0.36
Gigantes with tomatoes and greens,.5 tsp sweet paprika,,.5 tsp sweet paprika,Paprika,2,0,0.4228
Gigantes with tomatoes and greens,1 tsp salt,,1 tsp salt,Salt,2,0,0.006
Gigantes with tomatoes and greens,"freshly ground black pepper, to taste",,"freshly ground black pepper, to taste","Pepper, black",2,0,0.1942
Gigantes with tomatoes and greens,"small handful fresh parsley, chopped",,"small handful fresh parsley, chopped","Parsley, fresh",7.5,1,0.5775
Gigantes with tomatoes and greens,"small handful fresh mint, chopped",,"small handful fresh mint, chopped","Mint, fresh",7.5,0,0.7125
Gigantes with tomatoes and greens,"1 onion, chopped",,"1 onion, chopped","Onions, raw",50,0,0.15
Gigantes with tomatoes and greens,1 x 400g tin chopped tomatoes,,1 x 400g tin chopped tomatoes,"Tomatoes, canned, whole contents",400,0,2.28
Gigantes with tomatoes and greens,"350g/12oz chard or spinach, washed",,"350g/12oz chard or spinach, washed","Spinach, mature, raw",350,0,7.35
Glazed pak choi with crispy shallots,"2 pak choi, quartered",,"2 pak choi, quartered","Pak choi, steamed",250,1,2.4
Glazed pak choi with crispy shallots,2 tbsp soy sauce,,2 tbsp soy sauce,"Soy sauce, light and dark varieties",30,0,0.72
Glazed pak choi with crispy shallots,"1 garlic clove, crushed",,"1 garlic clove, crushed","Garlic, raw",5,0,0.095
Glazed pak choi with crispy shallots,"1 tbsp vegetable oil, plus more for deep frying",,"1 tbsp vegetable oil, plus more for deep frying","Oil, vegetable, average",15,0,0.015
Glazed pak choi with crispy shallots,"2 shallots, peeled and thinly sliced",,"2 shallots, peeled and thinly sliced","Shallots, raw",40,0,0.32
Glazed pak choi with crispy shallots,"50g/1.75oz cashew nuts, toasted",,"50g/1.75oz cashew nuts, toasted","Cashew nuts, kernel only, plain",50,0,3.1
Herb and tomato couscous with green beans,150ml/.25 pint hot vegetable stock,,150ml/.25 pint hot vegetable stock,"Stock cubes, chicken, made up with water",150,0,0.255
Herb and tomato couscous with green beans,"1 lemon, juice only",,"1 lemon, juice only","Lemon juice, fresh",60,0,0.06
Herb and tomato couscous with green beans,"250g/9oz green beans, trimmed, blanched and chopped",,"250g/9oz green beans, trimmed, blanched and chopped","Beans, green, raw",250,0,2.6
Herb and tomato couscous with green beans,2 tbsp olive oil,,2 tbsp olive oil,"Oil, olive",30,0,0.12
Herb and tomato couscous with green beans,2 tbsp chopped fresh flatleaf parsley,,2 tbsp chopped fresh flatleaf parsley,"Parsley, fresh",12,1,0.924
Herb and tomato couscous with green beans,"Black pepper, to taste",,"Black pepper, to taste","Pepper, black",0.5,0,0.04855
Herb and tomato couscous with green beans,250g/9oz couscous,,250g/9oz couscous,"Couscous, plain, cooked",250,0,2.55
Herb and tomato couscous with green beans,"2 tomatoes, seeds removed and chopped",,"2 tomatoes, seeds removed and chopped","Tomatoes, standard, raw",130,0,0.312
Herb and tomato couscous with green beans,"Salt, to taste",,"Salt, to taste",Salt,2,0,0.006
Herb risotto,250g/9oz basmati rice,,250g/9oz basmati rice,"Rice, white, basmati, raw",250,0,4.325
Herb risotto,"1 garlic clove, chopped",,"1 garlic clove, chopped","Garlic, raw",5,0,0.095
Herb risotto,300ml/.5 pint hot vegetable stock,,300ml/.5 pint hot vegetable stock,"Stock cubes, chicken, made up with water",300,0,0.51
Herb risotto,".5 onion, chopped",,".5 onion, chopped","Onions, raw",25,0,0.075
Herb risotto,50g/1.75oz margarine,,50g/1.75oz margarine,"Baking fat and margarine (75-90% fat), hard block",50,0,0.04
Herb risotto,1 tbsp olive oil,,1 tbsp olive oil,"Oil, olive",12.6,0,0.0504
Herb risotto,"handful each fresh dill, parsley, chervil, chopped",,"handful each fresh dill, parsley, chervil, chopped","Parsley, fresh",10,1,0.77
Herb risotto,"Black pepper, to taste",,"Black pepper, to taste","Pepper, black",0.5,0,0.04855
Herb risotto,"Salt, to taste",,"Salt, to taste",Salt,2,0,0.006
Kale and quinoa salad with orange tahini dressing,1 garlic clove,For the tahini dressing,For the tahini dressing: 1 garlic clove,"Garlic, raw",5,0,0.095
Kale and quinoa salad with orange tahini dressing,4 tbsp orange juice,For the tahini dressing,For the tahini dressing: 4 tbsp orange juice,"Orange juice, ambient, UHT",60,0,0.042
Kale and quinoa salad with orange tahini dressing,2.5 tbsp tahini,For the tahini dressing,For the tahini dressing: 2.5 tbsp tahini,Tahini paste,15,0,1.59
Kale and quinoa salad with orange tahini dressing,6 tbsp warm (boiled) water,For the tahini dressing,For the tahini dressing: 6 tbsp warm (boiled) water,"Water, distilled",90,0,0
Kale and quinoa salad with orange tahini dressing,2 tbsp extra virgin olive oil,For the tahini dressing,For the tahini dressing: 2 tbsp extra virgin olive oil,"Oil, olive",25.2,0,0.1008
Kale and quinoa salad with orange tahini dressing,freshly ground black pepper,For the tahini dressing,For the tahini dressing: freshly ground black pepper,"Pepper, black",0.1,0,0.00971
Kale and quinoa salad with orange tahini dressing,"1 unwaxed orange, zest only, finely sliced",For the kale and quinoa saute,"For the kale and quinoa saute: 1 unwaxed orange, zest only, finely sliced","Peel, mixed",2,0,0.026
Kale and quinoa salad with orange tahini dressing,350g/12oz quinoa,For the kale and quinoa saute,For the kale and quinoa saute: 350g/12oz quinoa,"Quinoa, raw",350,0,27.3
Kale and quinoa salad with orange tahini dressing,"1 fat garlic clove, finely chopped",For the kale and quinoa saute,"For the kale and quinoa saute: 1 fat garlic clove, finely chopped","Garlic, raw",5,0,0.095
Kale and quinoa salad with orange tahini dressing,"600g/1lb 5.5oz kale, tough stalks discarded, leaves shredded, washed",For the kale and quinoa saute,"For the kale and quinoa saute: 600g/1lb 5.5oz kale, tough stalks discarded, leaves shredded, washed","Curly kale, raw",600,0,10.2
Kale and quinoa salad with orange tahini dressing,1 tbsp extra virgin olive oil,For the kale and quinoa saute,For the kale and quinoa saute: 1 tbsp extra virgin olive oil,"Oil, olive",12.6,0,0.0504
Kale and quinoa salad with orange tahini dressing,2 tsp coconut oil,For the kale and quinoa saute,For the kale and quinoa saute: 2 tsp coconut oil,"Oil, coconut",7.4,0,0
Kale and quinoa salad with orange tahini dressing,"1 large handful chopped fresh coriander or flatleaf parsley, to garnish",For the kale and quinoa saute,"For the kale and quinoa saute: 1 large handful chopped fresh coriander or flatleaf parsley, to garnish","Parsley, fresh",10,1,0.77
"Lentil, bean and kale salad","1 large garlic clove, crushed or grated",For the dressing,"For the dressing: 1 large garlic clove, crushed or grated","Garlic, raw",5,0,0.095
"Lentil, bean and kale salad","1 lemon, zest and juice",For the dressing,"For the dressing: 1 lemon, zest and juice","Lemon juice, fresh",60,0,0.06
"Lentil, bean and kale salad","1 fresh red chilli, deseeded and finely chopped (or 1 tsp chilli powder)",For the dressing,"For the dressing: 1 fresh red chilli, deseeded and finely chopped (or 1 tsp chilli powder)","Peppers, capsicum, chilli, red, raw",20,0,0.2
"Lentil, bean and kale salad",130ml/4.5fl oz olive oil,For the dressing,For the dressing: 130ml/4.5fl oz olive oil,"Oil, olive",117,0,0.468
"Lentil, bean and kale salad","100g/3.5oz dried brown, green or red lentils (or use tinned)",,"100g/3.5oz dried brown, green or red lentils (or use tinned)","Lentils, green and brown, whole, dried, raw",100,0,11.1
"Lentil, bean and kale salad",100g/3.5oz dried black-eyed or haricot beans,,100g/3.5oz dried black-eyed or haricot beans,"Beans, haricot, whole, dried, raw",100,0,6.7
"Lentil, bean and kale salad","80g/3oz kale, stalks removed and chopped (or other leafy greens, such as spinach or spring greens)",,"80g/3oz kale, stalks removed and chopped (or other leafy greens, such as spinach or spring greens)","Spring greens, raw",80,0,2.4
"Lentil, bean and kale salad","handful green or black olives from a jar, roughly chopped",,"handful green or black olives from a jar, roughly chopped","Olives, green, in brine, drained, flesh and skin",50,0,0.5
"Lentil, bean and kale salad","8 sun-dried tomatoes, roughly chopped",,"8 sun-dried tomatoes, roughly chopped","Tomatoes, sun dried ",54,0,
"Lentil, bean and kale salad","handful fresh flatleaf parsley, torn (or other soft herb, such as mint)",,"handful fresh flatleaf parsley, torn (or other soft herb, such as mint)","Parsley, fresh",10,1,0.77
Lime and ginger slaw,4 tbsp mirin,For the dressing,For the dressing: 4 tbsp mirin,"Wine, white, sweet",5,0,0.03
Lime and ginger slaw,"75g/3oz mangetout, julienned",For the slaw,"For the slaw: 75g/3oz mangetout, julienned","Peas, mange-tout, raw",75,0,0.6
Lime and ginger slaw,"4 spring onions, trimmed, finely sliced at an angle",For the slaw,"For the slaw: 4 spring onions, trimmed, finely sliced at an angle","Spring onions, bulbs and tops, raw",100,0,1.9
Lime and ginger slaw,"2 limes, juice only",For the dressing,"For the dressing: 2 limes, juice only","Limes, flesh only",160,0,0.64
Lime and ginger slaw,.5 red cabbage finely shredded,For the slaw,For the slaw: .5 red cabbage finely shredded,"Cabbage, red, raw",250,0,1
Lime and ginger slaw,".5 Chinese cabbage, finely shredded",For the slaw,"For the slaw: .5 Chinese cabbage, finely shredded","Cabbage, Chinese, raw",250,0,1.5
Lime and ginger slaw,1 bunch fresh mint leaves,For the slaw,For the slaw: 1 bunch fresh mint leaves,"Mint, fresh",25,0,2.375
Lime and ginger slaw,"1 bunch fresh coriander, leaves only",For the slaw,"For the slaw: 1 bunch fresh coriander, leaves only","Coriander leaves, fresh",25,0,0.4425
Lime and ginger slaw,125ml/4.5fl oz rice wine vinegar,For the dressing,For the dressing: 125ml/4.5fl oz rice wine vinegar,Vinegar,125,0,0.125
Lime and ginger slaw,1 tsp sea salt flakes,For the dressing,For the dressing: 1 tsp sea salt flakes,Salt,5,0,0.015
Lime and ginger slaw,125ml/4.5fl oz extra virgin olive oil,For the dressing,For the dressing: 125ml/4.5fl oz extra virgin olive oil,"Oil, olive",125,0,0.5
Lime and ginger slaw,2 tbsp sesame oil,For the dressing,For the dressing: 2 tbsp sesame oil,"Oil, sesame",30,0,0.03
Lime and ginger slaw,1 tbsp finely grated fresh ginger,For the dressing,For the dressing: 1 tbsp finely grated fresh ginger,"Ginger, fresh",5,0,0.03
Lime and ginger slaw,"1 red onion, peeled, finely chopped",For the slaw,"For the slaw: 1 red onion, peeled, finely chopped","Onions, raw",50,0,0.15
Lime and ginger slaw,"3 pak choi, cut in half lengthways, finely sliced",For the slaw,"For the slaw: 3 pak choi, cut in half lengthways, finely sliced","Pak choi, steamed",375,1,3.6
Lime and ginger slaw,75g/3oz Japanese pickled ginger (available from Asian supermarkets),For the slaw,For the slaw: 75g/3oz Japanese pickled ginger (available from Asian supermarkets),"Ginger, fresh",75,0,0.45
Lime and ginger slaw,150g/5oz fresh beansprouts,For the slaw,For the slaw: 150g/5oz fresh beansprouts,"Beansprouts, mung, raw",150,0,2.55
Mediterranean-style salad with tapenade,"1 garlic clove, chopped",For the tapenade,"For the tapenade: 1 garlic clove, chopped","Garlic, raw",5,0,0.095
Mediterranean-style salad with tapenade,"50g/1.75oz black olives, stones removed",For the tapenade,"For the tapenade: 50g/1.75oz black olives, stones removed","Olives, green, in brine, drained, flesh and skin",50,0,0.5
Mediterranean-style salad with tapenade,2 tbsp olive oil,For the tapenade,For the tapenade: 2 tbsp olive oil,"Oil, olive",25.2,0,0.1008
Mediterranean-style salad with tapenade,"2 tomatoes, chopped",For the Mediterranean-style salad,"For the Mediterranean-style salad: 2 tomatoes, chopped","Tomatoes, standard, raw",260,0,0.624
Mediterranean-style salad with tapenade,1 handful fresh parsley,For the Mediterranean-style salad,For the Mediterranean-style salad: 1 handful fresh parsley,"Parsley, fresh",10,1,0.77
Mediterranean-style salad with tapenade,"1 handful fresh basil, torn",For the Mediterranean-style salad,"For the Mediterranean-style salad: 1 handful fresh basil, torn","Basil, fresh",5,0,0.275
Mediterranean-style salad with tapenade,1 tsp balsamic vinegar,For the Mediterranean-style salad,For the Mediterranean-style salad: 1 tsp balsamic vinegar,Vinegar,3.8,0,0.0038
Mediterranean-style salad with tapenade,1 tbsp olive oil,For the Mediterranean-style salad,For the Mediterranean-style salad: 1 tbsp olive oil,"Oil, olive",12.6,0,0.0504
Mushroom and stout veggie puddings,2 tbsp mushroom ketchup,For the filling,For the filling: 2 tbsp mushroom ketchup,Tomato ketchup,30,0,0.09
Mushroom and stout veggie puddings,"2 garlic cloves, peeled, chopped",For the filling,"For the filling: 2 garlic cloves, peeled, chopped","Garlic, raw",10,0,0.19
Mushroom and stout veggie puddings,200ml/7fl oz vegetable stock,For the filling,For the filling: 200ml/7fl oz vegetable stock,"Stock cubes, chicken, made up with water",200,0,0.34
Mushroom and stout veggie puddings,"200g/7oz self-raising flour, plus extra for dusting",For the pastry,"For the pastry: 200g/7oz self-raising flour, plus extra for dusting","Flour, wheat, white, self raising",200,0,3.48
Mushroom and stout veggie puddings,100g/3.5oz vegetable suet,For the pastry,For the pastry: 100g/3.5oz vegetable suet,"Suet, vegetable, reduced fat",100,0,0
Mushroom and stout veggie puddings,120ml/4fl oz water,For the pastry,For the pastry: 120ml/4fl oz water,"Water, distilled",120,0,0
Mushroom and stout veggie puddings,pinch salt,For the pastry,For the pastry: pinch salt,Salt,0.5,0,0.0015
Mushroom and stout veggie puddings,1 tbsp finely chopped fresh parsley,For the pastry,For the pastry: 1 tbsp finely chopped fresh parsley,"Parsley, fresh",3.6,1,0.2772
Mushroom and stout veggie puddings,"steamed courgettes and carrots, to serve",To serve,"To serve: steamed courgettes and carrots, to serve","Courgette, boiled in unsalted water",200,0,0.74
Mushroom and stout veggie puddings,"2-3 sprigs fresh thyme, leaves only, chopped",To serve,"To serve: 2-3 sprigs fresh thyme, leaves only, chopped","Thyme, fresh",10,0,1.75
Mushroom and stout veggie puddings,"4 large shallots, peeled, roughly chopped",For the filling,"For the filling: 4 large shallots, peeled, roughly chopped","Shallots, raw",80,0,0.64
Mushroom and stout veggie puddings,"150ml/5fl oz Irish stout (not all stout is vegan, so check the label if you need it to be)",For the filling,"For the filling: 150ml/5fl oz Irish stout (not all stout is vegan, so check the label if you need it to be)","Stout, Guinness",150,0,0.3
Mushroom and stout veggie puddings,"500g/1lb 2oz mixed mushrooms (such as chestnut, Portobello, chanterelle and girolle), brushed clean, chopped",For the filling,"For the filling: 500g/1lb 2oz mixed mushrooms (such as chestnut, Portobello, chanterelle and girolle), brushed clean, chopped","Mushrooms, white, raw",500,0,1.05
Mushroom and stout veggie puddings,2 tbsp olive oil,For the filling,For the filling: 2 tbsp olive oil,"Oil, olive",25.2,0,0.1008
Mushroom and stout veggie puddings,"2-3 sprigs fresh thyme, leaves only, chopped",For the filling,"For the filling: 2-3 sprigs fresh thyme, leaves only, chopped","Thyme, fresh",10,0,1.75
Mushroom and stout veggie puddings,"Black pepper, to taste",For the filling,"For the filling: Black pepper, to taste","Pepper, black",0.5,0,0.04855
Mushroom and stout veggie puddings,"Salt, to taste",For the filling,"For the filling: Salt, to taste",Salt,2,0,0.006
"Mushroom stuffed with spinach, breadcrumbs, garlic and herbs",1 large flat mushroom,,1 large flat mushroom,"Mushrooms, white, raw",62.5,0,0.13125
"Mushroom stuffed with spinach, breadcrumbs, garlic and herbs","1 garlic clove, finely chopped",,"1 garlic clove, finely chopped","Garlic, raw",5,0,0.095
"Mushroom stuffed with spinach, breadcrumbs, garlic and herbs","handful spinach, chopped",,"handful spinach, chopped","Spinach, mature, raw",20,0,0.42
"Mushroom stuffed with spinach, breadcrumbs, garlic and herbs",50g/1.75oz fresh breadcrumbs,,50g/1.75oz fresh breadcrumbs,"Bread, white, sliced",50,0,0.8
"Mushroom stuffed with spinach, breadcrumbs, garlic and herbs",1 tbsp olive oil,,1 tbsp olive oil,"Oil, olive",12.6,0,0.0504
"Mushroom stuffed with spinach, breadcrumbs, garlic and herbs","handful fresh parsley, chopped",,"handful fresh parsley, chopped","Parsley, fresh",10,1,0.77
"Mushroom stuffed with spinach, breadcrumbs, garlic and herbs","Black pepper, to taste",,"Black pepper, to taste","Pepper, black",0.5,0,0.04855
"Mushroom stuffed with spinach, breadcrumbs, garlic and herbs","Salt, to taste",,"Salt, to taste",Salt,2,0,0.006
"Penne with chilli, garlic, herbs and olive oil","150g/5.5oz penne pasta, cooked according to packet instructions",,"150g/5.5oz penne pasta, cooked according to packet instructions","Pasta, white, dried, boiled in unsalted water",150,0,1.17
"Penne with chilli, garlic, herbs and olive oil","1 garlic clove, crushed",,"1 garlic clove, crushed","Garlic, raw",5,0,0.095
"Penne with chilli, garlic, herbs and olive oil",1 tsp chilli flakes,,1 tsp chilli flakes,Chilli powder,5,0,0.865
"Penne with chilli, garlic, herbs and olive oil","a few shavings of fresh white truffle, to serve",,"a few shavings of fresh white truffle, to serve","Mushrooms, white, raw",10,0,0.021
"Penne with chilli, garlic, herbs and olive oil",3 tbsp olive oil,,3 tbsp olive oil,"Oil, olive",37.8,0,0.1512
"Penne with chilli, garlic, herbs and olive oil",3 tbsp fresh parsley leaves,,3 tbsp fresh parsley leaves,"Parsley, fresh",11.4,1,0.8778
"Penne with chilli, garlic, herbs and olive oil",a pinch of salt,,a pinch of salt,Salt,0.5,0,0.0015
"Penne with chilli, garlic, herbs and olive oil","6 fresh basil leaves, torn",,"6 fresh basil leaves, torn","Basil, fresh",3,0,0.165
Red pepper and shallot salad,1 tsp rosemary,,1 tsp rosemary,"Rosemary, dried",5,0,1.465
Red pepper and shallot salad,"1 shallot, sliced",,"1 shallot, sliced","Shallots, raw",50,0,0.4
Red pepper and shallot salad,".5 pepper, thinly sliced",,".5 pepper, thinly sliced","Pepper, capsicum, red, raw",80,0,0.312
Red pepper and shallot salad,"1 tbsp parsley, chopped",,"1 tbsp parsley, chopped","Parsley, fresh",3.8,1,0.2926
Red pepper and shallot salad,1 tbsp English mustard,For the dressing,For the dressing: 1 tbsp English mustard,"Mustard, smooth",24,0,0.696
Red pepper and shallot salad,"Black pepper, to taste",For the dressing,"For the dressing: Black pepper, to taste","Pepper, black",0.5,0,0.04855
Red pepper and shallot salad,2 tsp white wine vinegar,For the dressing,For the dressing: 2 tsp white wine vinegar,Vinegar,7.6,0,0.0076
Red pepper and shallot salad,30ml/1fl oz olive oil,For the dressing,For the dressing: 30ml/1fl oz olive oil,"Oil, olive",27,0,0.108
Red pepper and shallot salad,"Salt, to taste",For the dressing,"For the dressing: Salt, to taste",Salt,2,0,0.006
Roasted tomato and rocket salad,"150g/5.5oz vine tomatoes, left on the vine",For the roasted tomatoes,"For the roasted tomatoes: 150g/5.5oz vine tomatoes, left on the vine","Tomatoes, cherry, raw",150,0,0.51
Roasted tomato and rocket salad,2 tbsp olive oil,For the roasted tomatoes,For the roasted tomatoes: 2 tbsp olive oil,"Oil, olive",25.2,0,0.1008
Roasted tomato and rocket salad,"Black pepper, to taste",For the roasted tomatoes,"For the roasted tomatoes: Black pepper, to taste","Pepper, black",0.5,0,0.04855
Roasted tomato and rocket salad,"Salt, to taste",For the roasted tomatoes,"For the roasted tomatoes: Salt, to taste",Salt,2,0,0.006
Roasted tomato and rocket salad,large handful rocket,For the salad,For the salad: large handful rocket,"Rocket, raw",7.5,1,0.0945
Roasted tomato and rocket salad,1 tbsp olive oil,For the salad,For the salad: 1 tbsp olive oil,"Oil, olive",12.6,0,0.0504
Roasted tomato and rocket salad,2 tsp balsamic vinegar,For the salad,For the salad: 2 tsp balsamic vinegar,Vinegar,7.6,0,0.0076
Rocket and potato soup,"1 garlic, peeled and chopped",For the pesto,"For the pesto: 1 garlic, peeled and chopped","Garlic, raw",5,0,0.095
Rocket and potato soup,handful of rocket leaves,For the pesto,For the pesto: handful of rocket leaves,"Rocket, raw",,0,
Rocket and potato soup,"Black pepper, to taste",For the pesto,"For the pesto: Black pepper, to taste","Pepper, black",0.5,0,0.04855
Rocket and potato soup,4 tbsp olive oil,For the pesto,For the pesto: 4 tbsp olive oil,"Oil, olive",50.4,0,0.2016
Rocket and potato soup,"Salt, to taste",For the pesto,"For the pesto: Salt, to taste",Salt,2,0,0.006
Rocket and potato soup,approx .75pint/428ml chicken stock (vegetarians can substitute vegetable stock),,approx .75pint/428ml chicken stock (vegetarians can substitute vegetable stock),"Stock cubes, chicken, made up with water",428,0,0.7276
Rocket and potato soup,handful of rocket,,handful of rocket,"Rocket, raw",7.5,1,0.0945
Rocket and potato soup,"1 garlic clove, peeled and chopped",,"1 garlic clove, peeled and chopped","Garlic, raw",5,0,0.095
Rocket and potato soup,1 bay leaf,,1 bay leaf,"Bay leaf, dried",1,0,0.43
Rocket and potato soup,".5 onion, peeled and sliced",,".5 onion, peeled and sliced","Onions, raw",25,0,0.075
Rocket and potato soup,"1 potato, peeled and diced",,"1 potato, peeled and diced","Potatoes, old, boiled in unsalted water, flesh only",213,0,0.7242
Rocket and potato soup,few thyme leaves,,few thyme leaves,"Thyme, fresh",10,0,1.75
Rocket and potato soup,few thyme leaves,,few thyme leaves,"Thyme, fresh",10,0,1.75
Rocket and potato soup,1 tbsp olive oil,,1 tbsp olive oil,"Oil, olive",12.6,0,0.0504
Rocket and potato soup,"Black pepper, to taste",,"Black pepper, to taste","Pepper, black",0.5,0,0.04855
Rocket and potato soup,"Salt, to taste",,"Salt, to taste",Salt,2,0,0.006
Saffron couscous with roasted tomatoes,"2 garlic cloves, roughly chopped",For the roast tomatoes,"For the roast tomatoes: 2 garlic cloves, roughly chopped","Garlic, raw",10,0,0.19
Saffron couscous with roasted tomatoes,"2 fresh plum tomatoes, halved",For the roast tomatoes,"For the roast tomatoes: 2 fresh plum tomatoes, halved","Tomatoes, standard, raw",260,0,0.624
Saffron couscous with roasted tomatoes,2 tbsp olive oil,For the roast tomatoes,For the roast tomatoes: 2 tbsp olive oil,"Oil, olive",25.2,0,0.1008
Saffron couscous with roasted tomatoes,"Black pepper, to taste",For the roast tomatoes,"For the roast tomatoes: Black pepper, to taste","Pepper, black",0.5,0,0.04855
Saffron couscous with roasted tomatoes,2 sprigs fresh thyme,For the roast tomatoes,For the roast tomatoes: 2 sprigs fresh thyme,"Thyme, fresh",10,0,1.75
Saffron couscous with roasted tomatoes,"Salt, to taste",For the roast tomatoes,"For the roast tomatoes: Salt, to taste",Salt,2,0,0.006
Saffron couscous with roasted tomatoes,300ml/.5 pint chicken or vegetable stock,For the couscous,For the couscous: 300ml/.5 pint chicken or vegetable stock,"Stock cubes, chicken, made up with water",300,0,0.51
Saffron couscous with roasted tomatoes,"1 lemon, zest and juice",For the couscous,"For the couscous: 1 lemon, zest and juice","Lemon juice, fresh",60,0,0.06
Saffron couscous with roasted tomatoes,200g/7oz couscous,For the couscous,For the couscous: 200g/7oz couscous,"Couscous, plain, cooked",200,0,2.04
Saffron couscous with roasted tomatoes,"1 plum tomato, chopped",For the couscous,"For the couscous: 1 plum tomato, chopped","Tomatoes, standard, raw",130,0,0.312
Saffron couscous with roasted tomatoes,1 tbsp chopped fresh chervil,For the couscous,For the couscous: 1 tbsp chopped fresh chervil,"Chervil, dried",5,0,1.595
Saffron couscous with roasted tomatoes,pinch saffron,For the couscous,For the couscous: pinch saffron,Saffron,1,0,0.111
Saffron couscous with roasted tomatoes,1 tbsp chopped fresh flatleaf parsley,For the couscous,For the couscous: 1 tbsp chopped fresh flatleaf parsley,"Parsley, fresh",3.8,1,0.2926
Saffron couscous with roasted tomatoes,1 tbsp chopped fresh chives,For the couscous,For the couscous: 1 tbsp chopped fresh chives,"Chives, fresh",3,0,0.048
Saffron couscous with roasted tomatoes,2 tbsp olive oil,For the couscous,For the couscous: 2 tbsp olive oil,"Oil, olive",25.2,0,0.1008
Saffron couscous with roasted tomatoes,2 sprigs fresh thyme,For the couscous,For the couscous: 2 sprigs fresh thyme,"Thyme, fresh",10,0,1.75
Savoury coconut rice,150g/5.5 oz basmati rice,,150g/5.5 oz basmati rice,"Rice, white, basmati, raw",150,0,2.595
Savoury coconut rice,3 tbsp chopped fresh coriander,,3 tbsp chopped fresh coriander,"Coriander leaves, fresh",5,0,0.0885
Savoury coconut rice,200ml/7fl oz water,,200ml/7fl oz water,"Water, distilled",200,0,0
Savoury coconut rice,"1 handful pak choi stalks, chopped",,"1 handful pak choi stalks, chopped","Pak choi, steamed",125,1,1.2
Savoury coconut rice,".5 red chilli, chopped",,".5 red chilli, chopped","Peppers, capsicum, chilli, red, raw",10,0,0.1
Savoury coconut rice,200ml/7fl oz coconut milk,,200ml/7fl oz coconut milk,Coconut milk,200,0,0.2
Savoury coconut rice,.5 tsp salt,,.5 tsp salt,Salt,2.5,0,0.0075
Scarlet salad,"1 garlic clove, crushed",For the dressing,"For the dressing: 1 garlic clove, crushed","Garlic, raw",5,0,0.095
Scarlet salad,1 tsp maple syrup,For the dressing,For the dressing: 1 tsp maple syrup,"Syrup, golden",5,0,0.02
Scarlet salad,4 tbsp extra virgin olive oil,For the dressing,For the dressing: 4 tbsp extra virgin olive oil,"Oil, olive",50.4,0,0.2016
Scarlet salad,2 tbsp white wine vinegar,For the dressing,For the dressing: 2 tbsp white wine vinegar,Vinegar,22.8,0,0.0228
Scarlet salad,1 tsp wholegrain mustard,For the dressing,For the dressing: 1 tsp wholegrain mustard,"Mustard, wholegrain",8,0,0.224
Scarlet salad,"Black pepper, to taste",For the dressing,"For the dressing: Black pepper, to taste","Pepper, black",0.5,0,0.04855
Scarlet salad,"Salt, to taste",For the dressing,"For the dressing: Salt, to taste",Salt,2,0,0.006
Scarlet salad,"2 oranges, 1 segmented and 1 juiced",For the marinade,"For the marinade: 2 oranges, 1 segmented and 1 juiced","Oranges, flesh only",324,0,0.3564
Scarlet salad,2 fennel bulbs,For the marinade,For the marinade: 2 fennel bulbs,"Fennel, Florence, raw",174,0,0.522
Scarlet salad,1 tsp paprika,For the marinade,For the marinade: 1 tsp paprika,Paprika,2.3,0,0.48622
Scarlet salad,handful edible flowers,For the salad,For the salad: handful edible flowers,"Watercress, raw",5,0,0.036
Scarlet salad,3 tbsp pine nuts,For the salad,For the salad: 3 tbsp pine nuts,"Pine nuts, kernel only",24,0,1.344
Scarlet salad,300g/10oz rocket,For the salad,For the salad: 300g/10oz rocket,"Rocket, raw",300,1,3.78
Scarlet salad,"10 cherry tomatoes, halved",For the salad,"For the salad: 10 cherry tomatoes, halved","Tomatoes, cherry, raw",100,0,0.34
Scarlet salad,"150g/5oz Russian or regular kale, stems removed and leaves chopped into bite-sized pieces",For the salad,"For the salad: 150g/5oz Russian or regular kale, stems removed and leaves chopped into bite-sized pieces","Curly kale, raw",150,0,2.55
Scarlet salad,".5 cucumber, sliced",For the salad,"For the salad: .5 cucumber, sliced","Cucumber, raw, flesh and skin",300,0,0.9
Scarlet salad,100g/3.5oz mixed salad leaves,For the salad,For the salad: 100g/3.5oz mixed salad leaves,"Lettuce, average, raw",100,1,0.13
Scarlet salad,3 tbsp sunflower seeds,For the salad,For the salad: 3 tbsp sunflower seeds,Sunflower seeds,30,0,1.92
"Shaved fennel, herb and tomato salad",".5 lemon, zest and juice",,".5 lemon, zest and juice","Lemon juice, fresh",30,0,0.03
"Shaved fennel, herb and tomato salad",".5 fennel bulb, finely sliced",,".5 fennel bulb, finely sliced","Fennel, Florence, raw",44,0,0.132
"Shaved fennel, herb and tomato salad",".25 ripe tomato, finely chopped",,".25 ripe tomato, finely chopped","Tomatoes, standard, raw",40,0,0.096
"Shaved fennel, herb and tomato salad",2 tbsp olive oil,,2 tbsp olive oil,"Oil, olive",25.2,0,0.1008
"Shaved fennel, herb and tomato salad","handful mixed fresh herbs, such as chives, chervil, parsley and basil, chopped",,"handful mixed fresh herbs, such as chives, chervil, parsley and basil, chopped","Parsley, fresh",10,1,0.77
"Shaved fennel, herb and tomato salad","Black pepper, to taste",,"Black pepper, to taste","Pepper, black",0.5,0,0.04855
"Shaved fennel, herb and tomato salad","Salt, to taste",,"Salt, to taste",Salt,2,0,0.006
Smoked garlic soup with parsley pesto,2 tbsp olive oil,For the parsley pesto,For the parsley pesto: 2 tbsp olive oil,"Oil, olive",25.2,0,0.1008
Smoked garlic soup with parsley pesto,handful fresh parsley,For the parsley pesto,For the parsley pesto: handful fresh parsley,"Parsley, fresh",10,1,0.77
Smoked garlic soup with parsley pesto,"Black pepper, to taste",For the parsley pesto,"For the parsley pesto: Black pepper, to taste","Pepper, black",0.5,0,0.04855
Smoked garlic soup with parsley pesto,"Salt, to taste",For the parsley pesto,"For the parsley pesto: Salt, to taste",Salt,2,0,0.006
Smoked garlic soup with parsley pesto,1 tbsp whole almonds,For the parsley pesto,For the parsley pesto: 1 tbsp whole almonds,"Almonds, whole kernels",5,0,0.1855
Smoked garlic soup with parsley pesto,squeeze lemon juice,For the parsley pesto,For the parsley pesto: squeeze lemon juice,"Lemon juice, fresh",5,0,0.005
Smoked garlic soup with parsley pesto,"2 bulbs smoked garlic, separated into cloves, peeled",For the smoked garlic soup,"For the smoked garlic soup: 2 bulbs smoked garlic, separated into cloves, peeled","Garlic, raw",70,0,1.33
Smoked garlic soup with parsley pesto,150ml/.25 pint hot chicken stock (can substitute vegetable stock),For the smoked garlic soup,For the smoked garlic soup: 150ml/.25 pint hot chicken stock (can substitute vegetable stock),"Stock cubes, chicken, made up with water",150,0,0.255
Smoked garlic soup with parsley pesto,"1 large potato, peeled, chopped and diced",For the smoked garlic soup,"For the smoked garlic soup: 1 large potato, peeled, chopped and diced","Potatoes, old, boiled in unsalted water, flesh only",369,0,1.2546
Smoked garlic soup with parsley pesto,"Black pepper, to taste",For the smoked garlic soup,"For the smoked garlic soup: Black pepper, to taste","Pepper, black",0.5,0,0.04855
Smoked garlic soup with parsley pesto,"1 tsp chopped fresh chives, to garnish",For the smoked garlic soup,"For the smoked garlic soup: 1 tsp chopped fresh chives, to garnish","Chives, fresh",1,0,0.016
Smoked garlic soup with parsley pesto,"Salt, to taste",For the smoked garlic soup,"For the smoked garlic soup: Salt, to taste",Salt,2,0,0.006
Spicy beans on toast,2 diagonal slices ciabatta or baguette,For the toast,For the toast: 2 diagonal slices ciabatta or baguette,"Bread, ciabatta",160,0,2.24
Spicy beans on toast,1 garlic clove,For the toast,For the toast: 1 garlic clove,"Garlic, raw",5,0,0.095
Spicy beans on toast,2 tbsp olive oil,For the toast,For the toast: 2 tbsp olive oil,"Oil, olive",25.2,0,0.1008
Spicy beans on toast,"1 garlic clove, finely chopped",For the spicy beans and spinach,"For the spicy beans and spinach: 1 garlic clove, finely chopped","Garlic, raw",5,0,0.095
Spicy beans on toast,"55g/2oz kidney beans from a tin, rinsed and drained",For the spicy beans and spinach,"For the spicy beans and spinach: 55g/2oz kidney beans from a tin, rinsed and drained","Beans, red kidney, canned in water, re-heated, drained",55,0,1.243
Spicy beans on toast,".25 onion, chopped",For the spicy beans and spinach,"For the spicy beans and spinach: .25 onion, chopped","Onions, raw",12.5,0,0.0375
Spicy beans on toast,100g/3.5oz spinach,For the spicy beans and spinach,For the spicy beans and spinach: 100g/3.5oz spinach,"Spinach, mature, raw",100,0,2.1
Spicy beans on toast,1 tsp dried chilli flakes,For the spicy beans and spinach,For the spicy beans and spinach: 1 tsp dried chilli flakes,Chilli powder,5,0,0.865
Spicy beans on toast,"1 tsp chopped parsley, to garnish, optional",For the spicy beans and spinach,"For the spicy beans and spinach: 1 tsp chopped parsley, to garnish, optional","Parsley, fresh",2,1,0.154
Spicy beans on toast,1 tbsp olive oil,For the spicy beans and spinach,For the spicy beans and spinach: 1 tbsp olive oil,"Oil, olive",12.6,0,0.0504
Spicy beans on toast,"Black pepper, to taste",For the spicy beans and spinach,"For the spicy beans and spinach: Black pepper, to taste","Pepper, black",0.5,0,0.04855
Spicy beans on toast,"Salt, to taste",For the spicy beans and spinach,"For the spicy beans and spinach: Salt, to taste",Salt,2,0,0.006
Spinach palmiers with pesto,"100g/3.5oz puff pastry, rolled out on a floured surface to the thickness of a 20p piece",,"100g/3.5oz puff pastry, rolled out on a floured surface to the thickness of a 20p piece","Pastry, flaky/puff, retail, uncooked",100,0,1.14
Spinach palmiers with pesto,"1 garlic clove, chopped",,"1 garlic clove, chopped","Garlic, raw",5,0,0.095
Spinach palmiers with pesto,"2 large handfuls spinach, wilted",,"2 large handfuls spinach, wilted","Spinach, mature, raw",40,0,0.84
Spinach palmiers with pesto,"handful fresh parsley, roughly chopped",,"handful fresh parsley, roughly chopped","Parsley, fresh",10,1,0.77
Spinach palmiers with pesto,"handful fresh basil, roughly chopped",,"handful fresh basil, roughly chopped","Basil, fresh",5,0,0.275
Spinach palmiers with pesto,1 tbsp olive oil,,1 tbsp olive oil,"Oil, olive",12.6,0,0.0504
Stir-fried beansprouts with peppers and herbs,150g/5.5oz beansprouts,,150g/5.5oz beansprouts,"Beansprouts, mung, raw",150,0,2.55
Stir-fried beansprouts with peppers and herbs,"1 garlic clove, finely chopped",,"1 garlic clove, finely chopped","Garlic, raw",5,0,0.095
Stir-fried beansprouts with peppers and herbs,".5 onion, sliced",,".5 onion, sliced","Onions, raw",25,0,0.075
Stir-fried beansprouts with peppers and herbs,".25 red pepper, chopped",,".25 red pepper, chopped","Pepper, capsicum, red, raw",40,0,0.156
Stir-fried beansprouts with peppers and herbs,1 tbsp olive oil,,1 tbsp olive oil,"Oil, olive",12.6,0,0.0504
Stir-fried beansprouts with peppers and herbs,1 tbsp chopped fresh dill,,1 tbsp chopped fresh dill,"Dill, fresh",3.8,0,0.1216
Stir-fried beansprouts with peppers and herbs,1 tbsp chopped fresh parsley,,1 tbsp chopped fresh parsley,"Parsley, fresh",3.8,1,0.2926
Stir-fried beansprouts with peppers and herbs,"Black pepper, to taste",,"Black pepper, to taste","Pepper, black",0.5,0,0.04855
Stir-fried beansprouts with peppers and herbs,"Salt, to taste",,"Salt, to taste",Salt,2,0,0.006
Tomato and asparagus salad with caper vinaigrette,1 tbsp chopped capers,,1 tbsp chopped capers,"Olives, green, in brine, drained, flesh and skin",5,0,0.05
Tomato and asparagus salad with caper vinaigrette,".5 bunch asparagus, ends trimmed off",,".5 bunch asparagus, ends trimmed off","Asparagus, raw",100,0,0.7
Tomato and asparagus salad with caper vinaigrette,"150g/5.5oz tomatoes, halved",,"150g/5.5oz tomatoes, halved","Tomatoes, standard, raw",150,0,0.36
Tomato and asparagus salad with caper vinaigrette,2 tbsp chopped basil,,2 tbsp chopped basil,"Basil, fresh",3,0,0.165
Tomato and asparagus salad with caper vinaigrette,2 tbsp chopped parsley,,2 tbsp chopped parsley,"Parsley, fresh",7.6,1,0.5852
Tomato and asparagus salad with caper vinaigrette,1 tbsp balsamic vinegar,,1 tbsp balsamic vinegar,Vinegar,11.4,0,0.0114
Tomato and asparagus salad with caper vinaigrette,2 tbsp olive oil,,2 tbsp olive oil,"Oil, olive",25.2,0,0.1008
Tomato and asparagus salad with caper vinaigrette,"Black pepper, to taste",,"Black pepper, to taste","Pepper, black",0.5,0,0.04855
Tomato and asparagus salad with caper vinaigrette,"Salt, to taste",,"Salt, to taste",Salt,2,0,0.006
Tomato and squash pizza,"100g/3.5oz plain flour, plus extra for dusting",For the pizza dough,"For the pizza dough: 100g/3.5oz plain flour, plus extra for dusting","Flour, wheat, white, plain, soft",100,0,1.94
Tomato and squash pizza,warm water,For the pizza dough,For the pizza dough: warm water,"Water, distilled",,0,
Tomato and squash pizza,pinch salt,For the pizza dough,For the pizza dough: pinch salt,Salt,0.5,0,0.0015
Tomato and squash pizza,1 tbsp olive oil,For the pizza dough,For the pizza dough: 1 tbsp olive oil,"Oil, olive",12.6,0,0.0504
Tomato and squash pizza,"1 garlic clove, crushed",For the topping,"For the topping: 1 garlic clove, crushed","Garlic, raw",5,0,0.095
Tomato and squash pizza,"100g/3.5oz butternut squash, peeled, cut into 1cm/.5in cubes",For the topping,"For the topping: 100g/3.5oz butternut squash, peeled, cut into 1cm/.5in cubes","Squash, butternut, raw",100,0,0.7
Tomato and squash pizza,1 tbsp olive oil,For the topping,For the topping: 1 tbsp olive oil,"Oil, olive",12.6,0,0.0504
Tomato and squash pizza,"2 sprigs fresh thyme, leaves only",For the topping,"For the topping: 2 sprigs fresh thyme, leaves only","Thyme, fresh",10,0,1.75
Tomato and squash pizza,"Black pepper, to taste",For the topping,"For the topping: Black pepper, to taste","Pepper, black",0.5,0,0.04855
Tomato and squash pizza,"Salt, to taste",For the topping,"For the topping: Salt, to taste",Salt,2,0,0.006
Tomato and squash pizza,pinch sugar,For the tomato sauce,For the tomato sauce: pinch sugar,"Sugar, icing",5,0,0.025
Tomato and squash pizza,"100g/3.5oz tinned tomatoes, drained and chopped",For the tomato sauce,"For the tomato sauce: 100g/3.5oz tinned tomatoes, drained and chopped","Tomatoes, canned, whole contents",100,0,0.57
Tomato and squash pizza,pinch dried chilli flakes,For the tomato sauce,For the tomato sauce: pinch dried chilli flakes,Chilli powder,5,0,0.865
Tomato and squash pizza,1 tbsp olive oil,For the tomato sauce,For the tomato sauce: 1 tbsp olive oil,"Oil, olive",12.6,0,0.0504
Tomato and squash pizza,"handful fresh parsley, chopped",For the tomato sauce,"For the tomato sauce: handful fresh parsley, chopped","Parsley, fresh",10,1,0.77
Tomato and squash pizza,"handful fresh basil, chopped",For the tomato sauce,"For the tomato sauce: handful fresh basil, chopped","Basil, fresh",5,0,0.275
Tomato and squash pizza,"Black pepper, to taste",For the tomato sauce,"For the tomato sauce: Black pepper, to taste","Pepper, black",0.5,0,0.04855
Tomato and squash pizza,"2 sprigs fresh thyme, leaves only",For the tomato sauce,"For the tomato sauce: 2 sprigs fresh thyme, leaves only","Thyme, fresh",10,0,1.75
Tomato and squash pizza,"Salt, to taste",For the tomato sauce,"For the tomato sauce: Salt, to taste",Salt,2,0,0.006
"Tomato, cucumber and herb salad",".5 cucumber, roughly chopped",,".5 cucumber, roughly chopped","Cucumber, raw, flesh and skin",100,0,0.3
"Tomato, cucumber and herb salad","2 spring onions, finely chopped",,"2 spring onions, finely chopped","Spring onions, bulbs and tops, raw",50,0,0.95
"Tomato, cucumber and herb salad",".5 lemon, juice only",,".5 lemon, juice only","Lemon juice, fresh",30,0,0.03
"Tomato, cucumber and herb salad","small handful fresh basil, torn",,"small handful fresh basil, torn","Basil, fresh",7.5,0,0.4125
"Tomato, cucumber and herb salad","small handful fresh flatleaf parsley, torn",,"small handful fresh flatleaf parsley, torn","Parsley, fresh",7.5,1,0.5775
"Tomato, cucumber and herb salad",2-3 tbsp olive oil,,2-3 tbsp olive oil,"Oil, olive",30,0,0.12
"Tomato, cucumber and herb salad","Black pepper, to taste",,"Black pepper, to taste","Pepper, black",0.5,0,0.04855
"Tomato, cucumber and herb salad","1 tomato, roughly chopped",,"1 tomato, roughly chopped","Tomatoes, standard, raw",130,0,0.312
"Tomato, cucumber and herb salad","Salt, to taste",,"Salt, to taste",Salt,2,0,0.006
Vegan pesto,".5 garlic clove, peeled",,".5 garlic clove, peeled","Garlic, raw",2.5,0,0.0475
Vegan pesto,"25g/1oz spinach, watercress and/or rocket",,"25g/1oz spinach, watercress and/or rocket","Rocket, raw",25,1,0.315
Vegan pesto,"25g/1oz skin-on almonds, roughly chopped",,"25g/1oz skin-on almonds, roughly chopped","Almonds, whole kernels",25,0,0.9275
Vegan pesto,25g/1oz fresh basil leaves,,25g/1oz fresh basil leaves,"Basil, fresh",25,0,1.375
Vegan pesto,1 tsp fresh lemon juice,,1 tsp fresh lemon juice,"Lemon juice, fresh",5,0,0.005
Vegan pesto,5 tbsp extra virgin olive oil,,5 tbsp extra virgin olive oil,"Oil, olive",63,0,0.252
Vegan pesto,.5 tsp flaked sea salt,,.5 tsp flaked sea salt,Salt,2.5,0,0.0075
Vegan pesto,freshly ground black pepper,,freshly ground black pepper,"Pepper, black",0.1,0,0.00971
Vegetable paella,"2 leeks, trimmed and cut into roughly 1cm/.5in slices",,"2 leeks, trimmed and cut into roughly 1cm/.5in slices","Leeks, raw",400,0,1.68
Vegetable paella,freshly chopped parsley,,freshly chopped parsley,"Parsley, fresh",5,1,0.385
Vegetable paella,lemon wedges,,lemon wedges,"Lemon juice, fresh",5,0,0.005
Vegetable paella,"2 garlic cloves, thinly sliced",,"2 garlic cloves, thinly sliced","Garlic, raw",10,0,0.19
Vegetable paella,600ml/20fl oz hot vegetable stock (made with 1 stock cube),,600ml/20fl oz hot vegetable stock (made with 1 stock cube),"Stock cubes, chicken, made up with water",600,0,1.02
Vegetable paella,75ml/2.5oz sherry or white wine,,75ml/2.5oz sherry or white wine,"Wine, white, dry",75,0,0.375
Vegetable paella,"1 onion, finely chopped",,"1 onion, finely chopped","Onions, raw",50,0,0.15
Vegetable paella,150g/5.5oz paella rice,,150g/5.5oz paella rice,"Rice, white, basmati, raw",150,0,2.595
Vegetable paella,"175g/6oz roasted red peppers, from a jar, drained and sliced",,"175g/6oz roasted red peppers, from a jar, drained and sliced","Pepper, capsicum, red, raw",175,0,0.6825
Vegetable paella,"50g/1.75oz pitted black olives, preferably Kalamata",,"50g/1.75oz pitted black olives, preferably Kalamata","Olives, green, in brine, drained, flesh and skin",50,0,0.5
Vegetable paella,"160g/5.75oz chargrilled artichoke antipasti, drained",,"160g/5.75oz chargrilled artichoke antipasti, drained","Artichoke, globe, raw",160,0,1.12
Vegetable paella,2 bay leaves,,2 bay leaves,"Bay leaf, dried",1.4,0,0.602
Vegetable paella,2 tbsp virgin olive oil,,2 tbsp virgin olive oil,"Oil, olive",25.2,0,0.1008
Vegetable paella,1 tsp hot smoked paprika,,1 tsp hot smoked paprika,Paprika,2.3,0,0.48622
Vegetable paella,a good pinch saffron strands (around .5 heaped tsp loosely packed),,a good pinch saffron strands (around .5 heaped tsp loosely packed),Saffron,1,0,0.111
Versatile vegetable stew,"2 leeks, split lengthways up to the root several times, washed under running cold water then sliced thickly",,"2 leeks, split lengthways up to the root several times, washed under running cold water then sliced thickly","Leeks, raw",400,0,1.68
Versatile vegetable stew,1 x 400g/14oz tin baked beans,,1 x 400g/14oz tin baked beans,"Baked beans, canned in tomato sauce",400,0,5.68
Versatile vegetable stew,"crusty bread, to serve",,"crusty bread, to serve","Bread rolls, brown, crusty",50,0,1.6
Versatile vegetable stew,"2 garlic cloves, finely diced",,"2 garlic cloves, finely diced","Garlic, raw",10,0,0.19
Versatile vegetable stew,600ml/21fl oz vegetable stock,,600ml/21fl oz vegetable stock,"Stock cubes, chicken, made up with water",600,0,1.02
Versatile vegetable stew,.5 tsp dried thyme,,.5 tsp dried thyme,"Thyme, dried, ground",2,0,2.472
Versatile vegetable stew,".5 head cauliflower, cut into small florets",,".5 head cauliflower, cut into small florets","Cauliflower, raw",125,0,0.525
Versatile vegetable stew,"200g/7oz fine green beans, cut into 2cm/.75in pieces",,"200g/7oz fine green beans, cut into 2cm/.75in pieces","Beans, green, raw",200,0,2.08
Versatile vegetable stew,"2 carrots, cut into 1cm/.5in dice",,"2 carrots, cut into 1cm/.5in dice","Carrots, old, raw",134,0,0.3082
Versatile vegetable stew,"2 potatoes, peeled, cut into 1cm/.5in dice",,"2 potatoes, peeled, cut into 1cm/.5in dice","Potatoes, old, boiled in unsalted water, flesh only",738,0,2.5092
Versatile vegetable stew,"1 onion, finely diced",,"1 onion, finely diced","Onions, raw",50,0,0.15
Versatile vegetable stew,2 tbsp roughly chopped flatleaf parsley,,2 tbsp roughly chopped flatleaf parsley,"Parsley, fresh",7.6,1,0.5852
Versatile vegetable stew,1 tbsp olive oil,,1 tbsp olive oil,"Oil, olive",12.6,0,0.0504
Versatile vegetable stew,1 tsp sweet smoked paprika,,1 tsp sweet smoked paprika,Paprika,2.3,0,0.48622
Versatile vegetable stew,"Black pepper, to taste",,"Black pepper, to taste","Pepper, black",0.5,0,0.04855
Versatile vegetable stew,"Salt, to taste",,"Salt, to taste",Salt,2,0,0.006
Vinaigrette potatoes with herbs,dash Tabasco sauce,,dash Tabasco sauce,Chilli sauce,5,0,0.14
Vinaigrette potatoes with herbs,"1 potato, peeled, cut into cubes and boiled until tender",,"1 potato, peeled, cut into cubes and boiled until tender","Potatoes, old, boiled in unsalted water, flesh only",213,0,0.7242
Vinaigrette potatoes with herbs,1 tsp Dijon mustard,,1 tsp Dijon mustard,"Mustard, smooth",8,0,0.232
Vinaigrette potatoes with herbs,1 tbsp chopped fresh chervil,,1 tbsp chopped fresh chervil,"Chervil, dried",5,0,1.595
Vinaigrette potatoes with herbs,3 tbsp olive oil,,3 tbsp olive oil,"Oil, olive",37.8,0,0.1512
Vinaigrette potatoes with herbs,1 tbsp red wine vinegar,,1 tbsp red wine vinegar,Vinegar,11.4,0,0.0114
Vinaigrette potatoes with herbs,"Black pepper, to taste",,"Black pepper, to taste","Pepper, black",0.5,0,0.04855
Vinaigrette potatoes with herbs,2 tbsp chopped fresh chives,,2 tbsp chopped fresh chives,"Chives, fresh",6,0,0.096
Vinaigrette potatoes with herbs,1 tbsp chopped fresh flatleaf parsley,,1 tbsp chopped fresh flatleaf parsley,"Parsley, fresh",3.8,1,0.2926
Vinaigrette potatoes with herbs,"Salt, to taste",,"Salt, to taste",Salt,2,0,0.006
"Warm beetroot, green bean, potato and almond salad","50g/2oz green beans, cut into pieces diagonally",,"50g/2oz green beans, cut into pieces diagonally","Beans, green, raw",50,0,0.52
"Warm beetroot, green bean, potato and almond salad","200g/7oz new potatoes, cut into 1cm/.5in thick slices",,"200g/7oz new potatoes, cut into 1cm/.5in thick slices","Potatoes, old, boiled in unsalted water, flesh only",200,0,0.68
"Warm beetroot, green bean, potato and almond salad","50g/2oz flaked almonds, toasted",,"50g/2oz flaked almonds, toasted","Almonds, toasted",50,0,1.865
"Warm beetroot, green bean, potato and almond salad",3 tbsp olive oil,,3 tbsp olive oil,"Oil, olive",37.8,0,0.1512
"Warm beetroot, green bean, potato and almond salad","2 sprigs fresh basil, torn",,"2 sprigs fresh basil, torn","Basil, fresh",25,0,1.375
"Warm beetroot, green bean, potato and almond salad",3 tbsp chopped fresh parsley,,3 tbsp chopped fresh parsley,"Parsley, fresh",11.4,1,0.8778
"Warm beetroot, green bean, potato and almond salad","Black pepper, to taste",,"Black pepper, to taste","Pepper, black",0.5,0,0.04855
"Warm beetroot, green bean, potato and almond salad",1 tbsp balsamic vinegar,,1 tbsp balsamic vinegar,Vinegar,11.4,0,0.0114
"Warm beetroot, green bean, potato and almond salad",".5 cooked beetroot (not in vinegar), chopped",,".5 cooked beetroot (not in vinegar), chopped","Beetroot, cooked in unsalted water",35,0,0.126
"Warm beetroot, green bean, potato and almond salad","Salt, to taste",,"Salt, to taste",Salt,2,0,0.006
Wild mushrooms on crostini (funghi trifolati),55g/2oz dried porcini mushrooms,,55g/2oz dried porcini mushrooms,"Mushrooms, Chinese, dried, raw",55,0,6.435
Wild mushrooms on crostini (funghi trifolati),2 cloves garlic,,2 cloves garlic,"Garlic, raw",10,0,0.19
Wild mushrooms on crostini (funghi trifolati),1 day old French baguette,,1 day old French baguette,"Bread, white, French stick",400,0,5.6
Wild mushrooms on crostini (funghi trifolati),"450g/1lb chestnut mushrooms, sliced",,"450g/1lb chestnut mushrooms, sliced","Mushrooms, white, raw",450,0,0.945
Wild mushrooms on crostini (funghi trifolati),75ml/3fl oz olive oil,,75ml/3fl oz olive oil,"Oil, olive",67.5,0,0.27
Wild mushrooms on crostini (funghi trifolati),"Black pepper, to taste",,"Black pepper, to taste","Pepper, black",0.5,0,0.04855
Wild mushrooms on crostini (funghi trifolati),"fresh parsley, chopped",,"fresh parsley, chopped","Parsley, fresh",10,1,0.77
Wild mushrooms on crostini (funghi trifolati),"Salt, to taste",,"Salt, to taste",Salt,2,0,0.006
